{
    "name": "B2U Coin",
    "type": "BEP20",
    "symbol": "B2U",
    "decimals": 18,
    "website": "https://b2ucoin.com",
    "description": "nB2U Coin is the oficial token of Bitcointoyou company, the largest cryptocurrency exchange in Brazil with 400 thousand customers. B2U Coin was launched in 2020 on ETH network and 2021 in BSC. You can use B2U Coin to pay fees on Bitcointoyou exchange, to buy products on stores using B2U Pay (https://b2upay.com) and recharge your credit card using B2U Bank (https://b2ubank.com).",
    "explorer": "https://bscscan.com/token/0x02926E6E2898e9235fDdDDe3f51c3b644Af8C403",
    "status": "active",
    "id": "0x02926E6E2898e9235fDdDDe3f51c3b644Af8C403",
    "links": [
        {
            "name": "twitter",
            "url": "https://twitter.com/CoinB2u"
        },
        {
            "name": "github",
            "url": "https://github.com/Bitcointoyou/B2UCOIN_TOKEN"
        },
        {
            "name": "telegram",
            "url": "https://t.me/coinb2u"
        },
        {
            "name": "telegram_news",
            "url": "https://t.me/b2u_exchange"
        },
        {
            "name": "blog",
            "url": "https://www.bitcointoyou.com/blog/"
        },
        {
            "name": "whitepaper",
            "url": "https://b2ucoin.com/b2u-coin-white-paper.pdf"
        },
        {
            "name": "facebook",
            "url": "https://facebook.com/b2ucoin"
        },
        {
            "name": "coinmarketcap",
            "url": "https://coinmarketcap.com/currencies/b2u-coin/"
        },
        {
            "name": "coingecko",
            "url": "https://coingecko.com/en/coins/b2u-coin"
        },
        {
            "name": "docs",
            "url": "https://tokenguard.io/ratings/b2u"
        },
        {
            "name": "source_code",
            "url": "https://github.com/Bitcointoyou/B2UCOIN_TOKEN"
        }
    ]
}