{
    "name": "Thanos Token",
    "website": "https://thanostoken.finance/",
    "description": "THANOS Token is the world’s first crypto-powered clothing marketplace, combining your NFT artworks into authentic, verified brands owned by you.",
    "explorer": "https://bscscan.com/token/0x295F2122EbfCC5c38b4Bd33879A37348195b61fb",
    "type": "BEP20",
    "symbol": "THANOS",
    "decimals": 9,
    "status": "active",
    "id": "0x295F2122EbfCC5c38b4Bd33879A37348195b61fb",
    "links": [
        {
            "name": "twitter",
            "url": "https://twitter.com/TheThanosToken"
        },
        {
            "name": "telegram",
            "url": "https://t.me/joinchat/W9abcM-WeDgyZTBh"
        }
    ]
}