{
    "name": "Streamr",
    "type": "POLYGON",
    "symbol": "DATA",
    "decimals": 18,
    "website": "https://streamr.network",
    "description": "Streamr is a decentralized real‑time data network for web3. Create, share and consume data streams on an open, scalable P2P protocol with powerful tools for monetization. As a layer zero protocol, it provides a publish/subscribe messaging framework for decentralized applications built on top.",
    "explorer": "https://polygonscan.com/token/0x3a9A81d576d83FF21f26f325066054540720fC34",
    "status": "active",
    "id": "0x3a9A81d576d83FF21f26f325066054540720fC34",
    "links": [
        {
            "name": "twitter",
            "url": "https://twitter.com/streamr"
        },
        {
            "name": "github",
            "url": "https://github.com/streamr-dev"
        },
        {
            "name": "whitepaper",
            "url": "https://streamr.network/network-whitepaper"
        },
        {
            "name": "blog",
            "url": "https://blog.streamr.network"
        },
        {
            "name": "docs",
            "url": "https://streamr.network/docs"
        }
    ]
}