{
    "name": "Cryptocurrency Top 10 Tokens Index",
    "website": "https://indexed.finance",
    "description": "CC10 is a passively managed, capitalization-weighted index that tracks the top 10 tokens by market cap from the Cryptocurrency market sector defined by NDX governance..",
    "explorer": "https://etherscan.io/token/0x17ac188e09a7890a1844e5e65471fe8b0ccfadf3",
    "research": "https://ndxfi.medium.com/introducing-indexed-finance-ndx-5d91137bde29",
    "type": "ERC20",
    "symbol": "CC10",
    "decimals": 18,
    "status": "active",
    "id": "0x17aC188e09A7890a1844E5E65471fE8b0CcFadF3"
}