{
    "name": "Axienomics",
    "website": "https://axintoken.com",
    "description": "Axienomics is the first rebase token which rewards you with AxieInfinity (AXS)",
    "explorer": "https://bscscan.com/token/0x763ACA17f03C221d16Ba9191A66F75B78a403BCB",
    "type": "BEP20",
    "symbol": "AXIN",
    "decimals": 4,
    "status": "active",
    "id": "0x763ACA17f03C221d16Ba9191A66F75B78a403BCB",
    "links": [
        {
            "name": "coinmarketcap",
            "url": "https://coinmarketcap.com/currencies/axienomics/"
        },
        {
            "name": "twitter",
            "url": "https://twitter.com/axienomics"
        },
        {
            "name": "telegram",
            "url": "https://t.me/AxienomicsOfficial"
        }
    ]
}