{
    "name": "WolfSafePoorPeople",
    "type": "POLYGON",
    "symbol": "WSPP",
    "decimals": 18,
    "website": "https://www.wolfible.com/",
    "description": "WSPP is a PRC-20 token, which was designed to develop NFT and GameFi programs of the project, as well as for AMA rewards, trading, staking and farming within the platform.",
    "explorer": "https://polygonscan.com/token/0x46D502Fac9aEA7c5bC7B13C8Ec9D02378C33D36F",
    "status": "active",
    "id": "0x46D502Fac9aEA7c5bC7B13C8Ec9D02378C33D36F",
    "links": [
        {
            "name": "twitter",
            "url": "https://twitter.com/robowolf8"
        },
        {
            "name": "telegram",
            "url": "https://t.me/robowolfproject"
        },
        {
            "name": "medium",
            "url": "https://medium.com/robowolf89"
        }
    ]
}