{
    "name": "Lil Floki",
    "website": "https://lilfloki.com/",
    "description": "Lil Floki is a BSC token which donates to New Zealand dog shelters while also rewarding Lil Floki holders with BNB Reward pay-outs.",
    "explorer": "https://bscscan.com/token/0x3271D12D5ba36B6582fafA029598FEe0F5F6Db35",
    "type": "BEP20",
    "symbol": "lilfloki",
    "decimals": 18,
    "status": "active",
    "id": "0x3271D12D5ba36B6582fafA029598FEe0F5F6Db35",
    "links": [
        {
            "name": "twitter",
            "url": "https://twitter.com/thelilfloki/"
        },
        {
            "name": "facebook",
            "url": "https://facebook.com/TheLilFloki/"
        }
    ]
}