{
    "name": "ShibaPup",
    "website": "https://www.shibapup.dog/",
    "description": "ShibaPup is a BSC token focused in the dog driven community, providing a play to earn Shiba game.",
    "explorer": "https://bscscan.com/token/0x8203612382f61bafae549fbf31efbf70992fa289",
    "type": "BEP20",
    "symbol": "ShibaPup",
    "decimals": 18,
    "status": "active",
    "id": "0x8203612382f61baFaE549fBF31eFbf70992fA289",
    "links": [
        {
            "name": "twitter",
            "url": "https://twitter.com/shibapupdog"
        },
        {
            "name": "telegram",
            "url": "https://t.me/shibapupdog"
        },
        {
            "name": "coinmarketcap",
            "url": "https://coinmarketcap.com/currencies/shibapup/"
        }
    ]
}