{
    "name": "HyperBurn",
    "website": "https://hyperjump.fi/",
    "description": "HyperBurn is a deflationary DeFi token with a passive yield mechanism. The HyperJump team is the continuation of THUGS one of the earliest successes on Binance Smart Chain.",
    "explorer": "https://bscscan.com/token/0x03D6BD3d48F956D783456695698C407A46ecD54d",
    "type": "BEP20",
    "symbol": "HYPR",
    "decimals": 18,
    "status": "active",
    "id": "0x03D6BD3d48F956D783456695698C407A46ecD54d",
    "tags": [
        "deflationary"
    ],
    "links": [
        {
            "name": "twitter",
            "url": "https://twitter.com/HyperJumpBSC"
        },
        {
            "name": "telegram",
            "url": "https://t.me/hyperjumpbsc"
        },
        {
            "name": "discord",
            "url": "https://discord.com/invite/AJDqFTP"
        },
        {
            "name": "medium",
            "url": "https://hyperjumpbsc.medium.com/"
        }
    ]
}