{
    "name": "DEI",
    "website": "https://deus.finance/",
    "description": "DEUS Finance Evolution is a marketplace of decentralized financial services, where we provide the infrastructure for others to build financial instruments, such as synthetic stock trading platforms, options, and futures trading.",
    "explorer": "https://polygonscan.com/token/0xDE12c7959E1a72bbe8a5f7A1dc8f8EeF9Ab011B3",
    "type": "POLYGON",
    "symbol": "DEI",
    "decimals": 18,
    "status": "active",
    "id": "0xDE12c7959E1a72bbe8a5f7A1dc8f8EeF9Ab011B3",
    "links": [
        {
            "name": "twitter",
            "url": "https://twitter.com/DeusDao"
        },
        {
            "name": "telegram",
            "url": "https://t.me/deusfinance"
        },
        {
            "name": "medium",
            "url": "https://medium.com/@deusfinance"
        }
    ]
} 