{
    "name": "RiseofNebula",
    "website": "https://www.riseofnebula.com/",
    "description": "A Proprietary, Hyper Deflationary Token! RON token holders are not only rewarded through static rewards but also through true automatic burns every trade from within the liquidity pool!.",
    "explorer": "https://bscscan.com/token/0x40300e0045239fe76cd07251313f923b29df1e55",
    "type": "BEP20",
    "symbol": "RON",
    "decimals": 9,
    "status": "active",
    "id": "0x40300e0045239Fe76Cd07251313f923B29df1e55"
}