{
    "name": "upBNB",
    "type": "BEP20",
    "symbol": "upBNB",
    "decimals": 18,
    "website": "https://upbnb.finance/",
    "description": "From the developers of Rootkit Finance - upBNB (upBNB) is The first ERC-31337 token on Binance Smart Chain. upBNB will be the cornerstone asset and vault for the upToken ecosystem on BSC",
    "explorer": "https://bscscan.com/token/0x9c3bbff333f4aeab60b3c060607b7c505ff30c82",
    "status": "active",
    "id": "0x9C3Bbff333F4AEAB60B3c060607b7C505Ff30C82"
}