{
    "name": "Frz solar system",
    "type": "BEP20",
    "symbol": "Frzss",
    "decimals": 18,
    "website": "https://frzss.com/",
    "description": "the main purpose of the FRZS token is to strengthen the solar energy industry ",
    "explorer": "https://bscscan.com/token/0xac41fb8013c0b63588fc63997785a5d79e73eb28",
    "status": "active",
    "id": "0xaC41Fb8013c0B63588fC63997785A5d79E73eb28",
    "links": [
        {
            "name": "twitter",
            "url": "https://twitter.com/frztoken?t=50fc06_SxNW9rpEaR8-1cQ&s=09"
        },
        {
            "name": "telegram",
            "url": "https://t.me/frzsstoken"
        },
        {
            "name": "coinmarketcap",
            "url": "https://coinmarketcap.com/currencies/frz-solar-system/"
        },
        {
            "name": "whitepaper",
            "url": "https://frzss.com/White-Paper/"
        },
        {
            "name": "source_code",
            "url": "https://bscscan.com/address/0xac41fb8013c0b63588fc63997785a5d79e73eb28#code"
        }
    ],
    "tags": [
        "defi"
    ]
}
