{
    "name": "BOB",
    "type": "POLYGON",
    "symbol": "BOB",
    "decimals": 18,
    "website": "https://www.zkbob.com/",
    "description": "BOB is a stable token optimized for the zkBob protocol.",
    "explorer": "https://polygonscan.com/token/0xB0B195aEFA3650A6908f15CdaC7D92F8a5791B0B",
    "status": "active",
    "id": "0xB0B195aEFA3650A6908f15CdaC7D92F8a5791B0B",
    "links": [
        {
            "name": "twitter",
            "url": "https://twitter.com/zkBob_"
        },
        {
            "name": "telegram_news",
            "url": "https://t.me/zkbob_news"
        },
        {
            "name": "telegram",
            "url": "https://t.me/zkbobcommunity"
        },
        {
            "name": "docs",
            "url": "https://docs.zkbob.com/"
        },
        {
            "name": "github",
            "url": "https://github.com/zkbob"
        },
        {
            "name": "coingecko",
            "url": "https://coingecko.com/coins/bob"
        }
    ],
    "tags": [
        "stablecoin"
    ]
}
