{
    "name": "Reef.finance",
    "website": "https://reef.finance",
    "description": "Reef Finance is a multi-chain smart yield engine and liquidity aggregator where any DeFi protocol can integrate into.",
    "explorer": "https://bscscan.com/token/0xf21768ccbc73ea5b6fd3c687208a7c2def2d966e",
    "research": "https://research.binance.com/en/projects/reef-finance",
    "type": "BEP20",
    "symbol": "REEF",
    "decimals": 18,
    "status": "active",
    "id": "0xF21768cCBC73Ea5B6fd3C687208a7c2def2d966e",
    "links": [
        {
            "name": "twitter",
            "url": "https://twitter.com/ReefDeFi"
        },
        {
            "name": "telegram",
            "url": "https://t.me/reefdefi"
        },
        {
            "name": "coingecko",
            "url": "https://coingecko.com/en/coins/reef-finance/"
        },
        {
            "name": "coinmarketcap",
            "url": "https://coinmarketcap.com/currencies/reef/"
        }
    ]
}