{
    "name": "TrustFi Network Token",
    "website": "https://trustfi.org/",
    "description": "TFI is the native token of TrustFi Network, a decentralized BaaS solution for DeFi market based on multichain environment.",
    "explorer": "https://bscscan.com/token/0x7565ab68D3F9DaDff127F864103C8c706Cf28235",
    "type": "BEP20",
    "symbol": "TFI",
    "decimals": 18,
    "status": "active",
    "id": "0x7565ab68D3F9DaDff127F864103C8c706Cf28235",
    "links": [
        {
            "name": "telegram",
            "url": "https://t.me/trustfi_fans"
        },
        {
            "name": "twitter",
            "url": "https://twitter.com/trustfiorg"
        },
        {
            "name": "blog",
            "url": "https://medium.com/@trustfi"
        },
        {
            "name": "whitepaper",
            "url": "https://docs.trustfi.org/"
        },
        {
            "name": "coingecko",
            "url": "https://coingecko.com/en/coins/trustfi-network-token"
        }
    ]
}
