{
    "name": "New Year Token",
    "website": "https://ny-token.com/",
    "description": "The New Year token is a currency focused on NFT and New Year symbols, with real use.",
    "explorer": "https://bscscan.com/token/0xfDfF7a8eDA6a3739132867f989bE4bf84E803c15",
    "type": "BEP20",
    "symbol": "NYT",
    "decimals": 18,
    "status": "active",
    "id": "0xfDfF7a8eDA6a3739132867f989bE4bf84E803c15",
    "links": [
        {
            "name": "twitter",
            "url": "https://twitter.com/new_year_token"
        },
        {
            "name": "github",
            "url": "https://github.com/new-year-token"
        },
        {
            "name": "telegram",
            "url": "https://t.me/new_year_token"
        },
        {
            "name": "coinmarketcap",
            "url": "https://coinmarketcap.com/currencies/new-year-token/"
        },
        {
            "name": "coingecko",
            "url": "https://coingecko.com/coins/new-year-token"
        }
    ]
}
