{
    "name": "Sombra ",
    "type": "BEP20",
    "symbol": "SMBR",
    "decimals": 9,
    "website": "https://sombra.app",
    "description": "Sombra is a social NFT marketplace and gaming ecosystem created to bring collectors, artists and innovators together to make the impossible possible.",
    "explorer": "https://bscscan.com/token/0x8ad8e9B85787ddd0D31b32ECF655E93bfc0747eF",
    "status": "active",
    "id": "0x8ad8e9B85787ddd0D31b32ECF655E93bfc0747eF",
    "links": [
        {
            "name": "twitter",
            "url": "https://twitter.com/sombranetwork"
        },
        {
            "name": "telegram",
            "url": "https://t.me/sombranetwork"
        }
    ]
}