{
    "name": "IRON Stablecoin",
    "website": "https://polygon.iron.finance/",
    "description": "Multi-chain Partial-Collateralized Stablecoin",
    "explorer": "https://polygonscan.com/token/0xd86b5923f3ad7b585ed81b448170ae026c65ae9a",
    "type": "POLYGON",
    "symbol": "IRON",
    "decimals": 18,
    "status": "active",
    "id": "0xD86b5923F3AD7b585eD81B448170ae026c65ae9a",
    "links": [
        {
            "name": "github",
            "url": "https://github.com/ironfinance"
        },
        {
            "name": "twitter",
            "url": "https://twitter.com/ironfinance"
        },
        {
            "name": "telegram",
            "url": "https://t.me/ironfinance"
        },
        {
            "name": "medium",
            "url": "https://medium.com/@ironfinance"
        }
    ]
}