{
    "name": "GOLD FINCH CRYPTO CURRENCY",
    "type": "BEP20",
    "symbol": "GFCC",
    "decimals": 18,
    "website": "https://goldfinch.global",
    "description": "GOLD FINCH CRYPTO CURRENCY (GFCC) is a cutting edge block chain Project, with the aim to develop a revolutionary decentralized platform for trading gold and other precious metals and for receiving gold and precious metals markets information.",
    "explorer": "https://bscscan.com/token/0xe714A9C04f5925a3fe89E4F6e21437BF0E0c774d",
    "status": "active",
    "id": "0xe714A9C04f5925a3fe89E4F6e21437BF0E0c774d"
}