{
    "name": "AERDROP",
    "website": "https://www.aerdrop.finance/",
    "description": "$AER token offers holders redistribution %, $AER airdrops & free access to the first Defi launchpad for new tokens offering exclusive airdrops.",
    "explorer": "https://bscscan.com/token/0xc7Ad2CE38f208eED77a368613C62062fCE88f125",
    "type": "BEP20",
    "symbol": "AER",
    "decimals": 9,
    "status": "active",
    "id": "0xc7Ad2CE38f208eED77a368613C62062fCE88f125",
    "links": [
        {
            "name": "coinmarketcap",
            "url": "https://coinmarketcap.com/currencies/aerdrop/"
        },
        {
            "name": "coingecko",
            "url": "https://coingecko.com/en/coins/aerdrop"
        },
        {
            "name": "telegram",
            "url": "https://t.me/aerdropofficial"
        },
        {
            "name": "telegram_news",
            "url": "https://t.me/aerdropann"
        },
        {
            "name": "youtube",
            "url": "https://youtube.com/channel/UCOpRiuwOQgEYFkljfJmpNWg"
        },
        {
            "name": "twitter",
            "url": "https://twitter.com/AerdropOfficial"
        },
        {
            "name": "reddit",
            "url": "https://reddit.com/r/AerdropOfficial/"
        }
    ]
}