{
    "name": "Weentar",
    "website": "https://weentar.com/",
    "description": "Weentar is a decentralised social media project. We are creating a platform that allows for celebrities, influencers and creators launch their social tokens as easily as creating a profile and also have their media content posted as NFT's on a decentralised social media platform on the Weentar blockchain.",
    "explorer": "https://bscscan.com/token/0x93f63d9455685621aBd73E63cC04f7e454270A66",
    "type": "BEP20",
    "symbol": "$WNTR",
    "decimals": 18,
    "status": "active",
    "id": "0x93f63d9455685621aBd73E63cC04f7e454270A66"
}