{
    "name": "Axie Infinity Shard",
    "website": "https://axieinfinity.com",
    "description": "Axie Infinity Shards are Axie Infinity's governance token.",
    "explorer": "https://etherscan.io/token/0xBB0E17EF65F82Ab018d8EDd776e8DD940327B28b",
    "research": "https://research.binance.com/en/projects/axie-infinity",
    "type": "ERC20",
    "symbol": "AXS",
    "decimals": 18,
    "status": "active",
    "id": "0xBB0E17EF65F82Ab018d8EDd776e8DD940327B28b",
    "tags": [
        "gamefi",
        "nft"
    ]
}