{
    "name": "BerryX",
    "website": "https://polar-berry.com/",
    "description": "A BRX token is created to evaluate the size of the shares, as well as to facilitate the exchange of shares through innovation. The token is used for any transactions made within the cooperative,joining fees, membership and share fees, as well as for remuneration.",
    "explorer": "https://etherscan.io/token/0x3A4A0D5b8dfAcd651EE28ed4fFEBf91500345489",
    "type": "ERC20",
    "symbol": "BRX",
    "decimals": 18,
    "status": "active",
    "id": "0x3A4A0D5b8dfAcd651EE28ed4fFEBf91500345489",
    "links": [
        {
            "name": "github",
            "url": "https://github.com/Filinomus/BerryX"
        },
        {
            "name": "twitter",
            "url": "https://twitter.com/Polar berry"
        },
        {
            "name": "facebook",
            "url": "https://facebook.com/polarberrycom"
        },
        {
            "name": "whitepaper",
            "url": "https://polar-berry.com/whitepaper.pdf"
        }
    ]
}