{
    "name": "Cipher",
    "symbol": "CPR",
    "type": "ERC20",
    "decimals": 18,
    "description": "Cipher (CPR) is A Utility Token For The Crypto Community. The community will get rewards, prizes, offers and promotions in Cipher token by utilizing our mobile and web applications service or program.",
    "website": "https://ciphercryptotech.org/",
    "explorer": "https://etherscan.io/token/0x20AE0cA9D42e6Ffeb1188F341A7D63450452dEF6",
    "status": "active",
    "id": "0x20AE0cA9D42e6Ffeb1188F341A7D63450452dEF6"
}