{
    "name": "COXSWAP",
    "website": "https://coxswap.com/",
    "description": "COXSWAP - Decentralized Exchange – DEX. Trade, farming, staking, earn more token .",
    "explorer": "https://bscscan.com/token/0x17FEa92CA2e7570d07b63ecD6B698e01386555A4",
    "type": "BEP20",
    "symbol": "COX",
    "decimals": 8,
    "status": "active",
    "id": "0x17FEa92CA2e7570d07b63ecD6B698e01386555A4",
    "links": [
        {
            "name": "telegram",
            "url": "https://t.me/coxswap_chat"
        },
        {
            "name": "coinmarketcap",
            "url": "https://coinmarketcap.com/ru/currencies/coxswap/"
        },
        {
            "name": "twitter",
            "url": "https://twitter.com/Cox_Swap"
        }
    ]
}