{
    "name": "ASIX+",
    "type": "BEP20",
    "symbol": "ASIX+",
    "decimals": 18,
    "website": "https://asixplus.id",
    "description": "ASIX+ Token is a token which is made by PT. META NUSANTARA VICTORI, which has purpose and the projects of P2E games, NFT Marketplace, and Metaverse.ASIX+ Token is the main utility in our 3 projects. P2E Games, NFT Market, and Nusantaraverse. ASIX+ Token can be used in all three projects.In addition, it does not rule out the possibility of developing or adding projects in the future.",
    "explorer": "https://bscscan.com/token/0x2bF4BE7C4520C41d012EB09a034179E03b898534",
    "status": "active",
    "id": "0x2bF4BE7C4520C41d012EB09a034179E03b898534",
    "links": [
        {
            "name": "twitter",
            "url": "https://twitter.com/asixplusNFT"
        },
        {
            "name": "telegram",
            "url": "https://t.me/asixplus"
        },
        {
            "name": "coingecko",
            "url": "https://coingecko.com/en/coins/asixplus"
        }
    ],
    "tags": [
        "nft"
    ]
}