{
    "name": "TOKPIE",
    "symbol": "TKP",
    "type": "ERC20",
    "decimals": 18,
    "description": "TOKPIE is the First Cryptocurrency Exchange Platform with BOUNTY STAKES TRADING service. Holders of the TOKPIE (TKP) token can get up to 500% discount on fees, regular airdrops from newly listed projects, up to 70% referral bonus, access to the bounty stakes depositing and trading, P2P loans with TKP pledged as collateral under 90% LTV, and income from TKP lending (staking). Also, TKP is accepted on Tokpie IEO Launchpad.",
    "website": "https://tokpie.io",
    "explorer": "https://etherscan.io/token/0xd31695a1d35E489252CE57b129FD4b1B05E6AcaC",
    "status": "active",
    "id": "0xd31695a1d35E489252CE57b129FD4b1B05E6AcaC"
}