{
    "name": "Traders Coin",
    "website": "https://trdctoken.com",
    "description": "TRDC is a decentralized platform project of cryptocurrencies trading where users get full control of their money.",
    "explorer": "https://bscscan.com/token/0x7e8DB69dcff9209E486a100e611B0af300c3374e",
    "type": "BEP20",
    "symbol": "TRDC",
    "decimals": 18,
    "status": "active",
    "id": "0x7e8DB69dcff9209E486a100e611B0af300c3374e",
    "links": [
        {
            "name": "twitter",
            "url": "https://twitter.com/TradersCoinTRDC"
        },
        {
            "name": "reddit",
            "url": "https://reddit.com/r/traderscoinTRDC/"
        },
        {
            "name": "coinmarketcap",
            "url": "https://coinmarketcap.com/currencies/traders-coin/"
        },
        {
            "name": "telegram",
            "url": "https://t.me/trdc_family"
        },
        {
            "name": "coingecko",
            "url": "https://coingecko.com/en/coins/traders-coin"
        }
    ]
}