{
    "name": "BlackEyeGalaxy Token",
    "type": "BEP20",
    "symbol": "BYG",
    "decimals": 18,
    "website": "https://blackeyegalaxy.space",
    "description": "Black Eye Galaxy is a cross-chain space NFT metaverse with a unique economy. Buy planets and solar systems, explore the galaxy, mine resources, start your civilization!",
    "explorer": "https://bscscan.com/token/0x4F7B627b88651e3DddcA0240bcA68a3062632C8c",
    "status": "active",
    "id": "0x4F7B627b88651e3DddcA0240bcA68a3062632C8c",
    "links": [
        {
            "name": "twitter",
            "url": "https://twitter.com/blackeyegalaxy_"
        },
        {
            "name": "telegram",
            "url": "https://t.me/blackeyegalaxypublic"
        },
        {
            "name": "telegram_news",
            "url": "https://t.me/blackeyegalaxyann"
        },
        {
            "name": "medium",
            "url": "https://medium.com/black-eye-galaxy"
        },
        {
            "name": "youtube",
            "url": "https://youtube.com/channel/UCesvfL9Uq8cEBY-4QzvYTZg"
        },
        {
            "name": "coinmarketcap",
            "url": "https://coinmarketcap.com/currencies/black-eye-galaxy/"
        },
        {
            "name": "coingecko",
            "url": "https://coingecko.com/en/coins/black-eye-galaxy/"
        }
    ]
}