{
    "name": "Rio Fuel Token",
    "website": "https://riochain.io",
    "description": "Our core technology is a next generation Blockchain infrastructure called Rio Chain.",
    "explorer": "https://etherscan.io/token/0xaf9f549774ecEDbD0966C52f250aCc548D3F36E5",
    "type": "ERC20",
    "symbol": "RFuel",
    "decimals": 18,
    "status": "active",
    "id": "0xaf9f549774ecEDbD0966C52f250aCc548D3F36E5",
    "links": [
        {
            "name": "medium",
            "url": "https://medium.com/@riodefiofficial"
        }
    ]
}