{
    "name": "BabyBoxer",
    "type": "BEP20",
    "symbol": "BBoxer",
    "decimals": 9,
    "website": "https://babyboxer.io/",
    "description": "Baby Boxer is a community-driven, deflationary token on the Binance Smart Chain with a mission to help malnourished babies around the world.",
    "explorer": "https://bscscan.com/token/0xeD7ed82D5A0f1B363309223975f899E7BEd5Fea6",
    "status": "active",
    "id": "0xeD7ed82D5A0f1B363309223975f899E7BEd5Fea6",
    "links": [
        {
            "name": "twitter",
            "url": "https://twitter.com/BoxerInuFinance"
        },
        {
            "name": "github",
            "url": "https://github.com/BoxerInuOfficial"
        },
        {
            "name": "whitepaper",
            "url": "https://babyboxer.io/babyboxerwhitepaper.pdf"
        },
        {
            "name": "telegram_news",
            "url": "https://t.me/boxerinunews"
        },
        {
            "name": "telegram",
            "url": "https://t.me/BoxerInuOfficial"
        }
    ]
}