{
    "name": "KmonCoin",
    "type": "BEP20",
    "symbol": "KMON",
    "decimals": 18,
    "website": "https://kryptomon.co",
    "description": "Kryptomons are digital collectible monsters. Breed and take care of them and fight with other players. Every creature has a unique but mutable genetic code made up of different genotypes that will determine all the aspects - both physical and behavioural - of the creature.",
    "explorer": "https://bscscan.com/token/0xc732B6586A93b6B7CF5FeD3470808Bc74998224D",
    "status": "active",
    "id": "0xc732B6586A93b6B7CF5FeD3470808Bc74998224D",
    "links": [
        {
            "name": "twitter",
            "url": "https://twitter.com/KryptomonTeam"
        },
        {
            "name": "telegram",
            "url": "https://t.me/kryptomonofficial"
        },
        {
            "name": "medium",
            "url": "https://medium.com/kryptomon"
        },
        {
            "name": "whitepaper",
            "url": "https://kryptomon.co/white-paper"
        },
        {
            "name": "youtube",
            "url": "https://youtube.com/c/KryptomonGame"
        },
        {
            "name": "facebook",
            "url": "https://facebook.com/KryptomonTeam"
        },
        {
            "name": "coinmarketcap",
            "url": "https://coinmarketcap.com/currencies/kryptomon/"
        },
        {
            "name": "coingecko",
            "url": "https://coingecko.com/en/coins/kryptomon"
        },
        {
            "name": "discord",
            "url": "https://discord.com/invite/hYRjSfsWXt"
        },
        {
            "name": "reddit",
            "url": "https://reddit.com/r/Kryptomon/"
        }
    ]
}