{
    "name": "Catgirl",
    "website": "https://www.catgirl.io",
    "description": "CATGIRL¢ is a NFT focused, community driven crypto currency, with real world use.",
    "explorer": "https://bscscan.com/token/0x79ebc9a2ce02277a4b5b3a768b1c0a4ed75bd936",
    "type": "BEP20",
    "symbol": "CATGIRL",
    "decimals": 9,
    "status": "active",
    "id": "0x79eBC9A2ce02277A4b5b3A768b1C0A4ed75Bd936",
    "tags": [
        "deflationary"
    ],
    "links": [
        {
            "name": "discord",
            "url": "https://discord.com/invite/3V8gZFP5kb"
        },
        {
            "name": "twitter",
            "url": "https://twitter.com/catgirlcoin"
        },
        {
            "name": "telegram",
            "url": "https://t.me/catgirlcoin"
        }
    ]
}