{
    "name": "BABB",
    "website": "https://getbabb.com",
    "description": "A decentralised banking platform that leverages blockchain and biometrics to offer anyone in the world access to a UK bank account for peer-to-peer financial services.",
    "explorer": "https://etherscan.io/token/0xf920e4F3FBEF5B3aD0A25017514B769bDc4Ac135",
    "type": "ERC20",
    "symbol": "BAX",
    "decimals": 18,
    "status": "active",
    "id": "0xf920e4F3FBEF5B3aD0A25017514B769bDc4Ac135",
    "tags": [
        "defi"
    ],
    "links": [
        {
            "name": "whitepaper",
            "url": "https://getbabb.com/wp-content/uploads/2021/03/BABB-Whitepaper.pdf"
        },
        {
            "name": "twitter",
            "url": "https://twitter.com/getbabb"
        },
        {
            "name": "facebook",
            "url": "https://facebook.com/getbabb/"
        },
        {
            "name": "youtube",
            "url": "https://youtube.com/channel/UCQtkZd7sfzbEugz7VdFhv4Q"
        },
        {
            "name": "discord",
            "url": "https://discord.com/invite/39rQp2g6JA"
        },
        {
            "name": "medium",
            "url": "https://babb.medium.com/"
        },
        {
            "name": "coinmarketcap",
            "url": "https://coinmarketcap.com/currencies/babb/"
        },
        {
            "name": "coingecko",
            "url": "https://coingecko.com/en/coins/babb"
        }
    ]
}
