{
    "name": "Stable 1inch",
    "website": "https://ichi.org",
    "description": "Stable 1inch is the stablecoin created for the 1inch community. Backed by both a treasury of 1inch and collateral of USDC this ERC20 token can be redeemed for USDC at anytime and also provides a vote for governance of the 1inch treasury.",
    "explorer": "https://etherscan.io/token/0x853Bb55c1f469902F088A629db8C8803A9BE3857",
    "type": "ERC20",
    "symbol": "one1inch",
    "decimals": 18,
    "status": "active",
    "id": "0x853Bb55c1f469902F088A629db8C8803A9BE3857",
    "links": [
        {
            "name": "github",
            "url": "https://github.com/ichifarm/ichi-oneToken"
        },
        {
            "name": "twitter",
            "url": "https://twitter.com/ichifarm"
        },
        {
            "name": "telegram",
            "url": "https://t.me/ichifarm"
        },
        {
            "name": "medium",
            "url": "https://medium.com/ichifarm"
        },
        {
            "name": "discord",
            "url": "https://discord.com/invite/Bm6pUHjHUC"
        },
        {
            "name": "coingecko",
            "url": "https://coingecko.com/en/coins/stable-1inch"
        },
        {
            "name": "coinmarketcap",
            "url": "https://coinmarketcap.com/currencies/stable-1inch/"
        }
    ]
}