{
    "name": "STAKD Finance (STAKD)",
    "website": "https://stakd.finance/",
    "description": "STAKD Finance is a powerful DeFi ecosystem on Binance Smart Chain that wants to revolutionize the DeFi sector on BSC by providing all in one solution for everyone.",
    "research": "https://docs.stakd.finance/",
    "explorer": "https://bscscan.com/token/0xFfB3eDd21be33d5e78C9e0C2A275b3Fd42670D67",
    "type": "BEP20",
    "symbol": "STAKD",
    "decimals": 18,
    "status": "active",
    "id": "0xFfB3eDd21be33d5e78C9e0C2A275b3Fd42670D67",
    "links": [
        {
            "name": "twitter",
            "url": "https://twitter.com/STAKD_finance"
        },
        {
            "name": "telegram",
            "url": "https://t.me/stakdfinance"
        }
    ]
}