{
    "name": "ThunderBNB Token",
    "website": "https://thunderbnb.app/",
    "description": "The next evolution of a reflection token on the BSC with double reward reflection token using the power of 80/20 to maximize your earnings for both now & future",
    "explorer": "https://bscscan.com/token/0xb9654A42f0F5dCDEf5617DebF8bd048E33F180E7",
    "type": "BEP20",
    "symbol": "THUNDERBNB",
    "decimals": 18,
    "status": "active",
    "id": "0xb9654A42f0F5dCDEf5617DebF8bd048E33F180E7",
    "links": [
        {
            "name": "twitter",
            "url": "https://twitter.com/ThunderBNBapp"
        },
        {
            "name": "telegram",
            "url": "https://t.me/ThunderBNB"
        },
        {
            "name": "docs",
            "url": "https://docs.thunderbnb.app/"
        },
        {
            "name": "reddit",
            "url": "https://reddit.com/r/thunderBNB/"
        },
        {
            "name": "youtube",
            "url": "https://youtube.com/channel/UCdEqg6tOw9RRQR7adkX1pvw"
        },
        {
            "name": "coingecko",
            "url": "https://coingecko.com/en/coins/thunderbnb"
        },
        {
            "name": "github",
            "url": "https://github.com/ThunderBnb/contracts"
        }
    ]
}