{
    "name": "RiseHero",
    "type": "BEP20",
    "symbol": "RISE",
    "decimals": 18,
    "website": "https://risehero.io",
    "description": "A legendary hero metaverse.",
    "explorer": "https://bscscan.com/token/0xa3d80275E300237a62D3431C26d52f185584cC1B",
    "status": "active",
    "id": "0xa3d80275E300237a62D3431C26d52f185584cC1B",
    "links": [
        {
            "name": "twitter",
            "url": "https://twitter.com/RiseHeroNFT"
        },
        {
            "name": "telegram",
            "url": "https://t.me/RiseHero"
        }
    ],
    "tags": [
        "gamefi"
    ]
}