{
    "name": "Reflecto",
    "website": "https://reflecto.finance",
    "description": "Multi-reward token with utilities that generate profits for holders.",
    "explorer": "https://bscscan.com/token/0x5A341DCF49e161CC73591f02e5f8CDE8A29733fb",
    "type": "BEP20",
    "symbol": "RTO",
    "tags": [
        "defi",
        "gamefi",
        "staking",
        "nft",
        "deflationary"
    ],
    "links": [
        {
            "name": "whitepaper",
            "url": "https://reflecto.finance/assets/docs/reflecto-v2-whitepaper.pdf"
        },
        {
            "name": "twitter",
            "url": "https://twitter.com/reflectocoin"
        },
        {
            "name": "telegram",
            "url": "https://t.me/reflectocoin"
        },
        {
            "name": "discord",
            "url": "https://discord.com/invite/jsqp2chuPY"
        },
        {
            "name": "facebook",
            "url": "https://facebook.com/reflectocoin"
        },
        {
            "name": "reddit",
            "url": "https://reddit.com/r/Reflecto/"
        },
        {
            "name": "youtube",
            "url": "https://youtube.com/reflectocoin"
        },
        {
            "name": "blog",
            "url": "https://reflecto.finance/blog"
        },
        {
            "name": "coinmarketcap",
            "url": "https://coinmarketcap.com/currencies/reflecto/"
        },
        {
            "name": "coingecko",
            "url": "https://coingecko.com/coins/reflecto"
        }
    ],
    "decimals": 9,
    "status": "active",
    "id": "0x5A341DCF49e161CC73591f02e5f8CDE8A29733fb"
}
