{
    "name": "DiamondsAlaskaMalamute",
    "website": "https://alaskatoken.io/",
    "description": "DAM is a token used to compensate Alaskainu community. ",
    "explorer": "https://bscscan.com/token/0x4299260f10d7ae857dd877865d0c4ac96afe773a",
    "type": "BEP20",
    "symbol": "DAM",
    "decimals": 9,
    "status": "active",
    "id": "0x4299260f10d7AE857DD877865D0C4aC96aFe773A",
    "links": [
        {
            "name": "github",
            "url": "https://github.com/Alaskatoken"
        },
        {
            "name": "twitter",
            "url": "https://twitter.com/AlaskaInu"
        },
        {
            "name": "coinmarketcap",
            "url": "https://coinmarketcap.com/currencies/diamonds-alaska-malamuted/"
        },
        {
            "name": "docs",
            "url": "https://docs.alaskatoken.io/"
        }
    ]
}