{
    "name": "Finxflo",
    "website": "https://www.finxflo.com/",
    "description": "Finxflo is the world's first hybrid liquidity aggregator designed to offer the best rates and prices from the world’s leading CeFi and DeFi protocols through one connection, one account and one KYC process.",
    "explorer": "https://etherscan.io/token/0x8a40c222996f9F3431f63Bf80244C36822060f12",
    "type": "ERC20",
    "symbol": "FXF",
    "decimals": 18,
    "status": "active",
    "id": "0x8a40c222996f9F3431f63Bf80244C36822060f12"
}