{
    "name": "Duke inu Token",
    "symbol": "Duke",
    "type": "BEP20",
    "decimals": 9,
    "description": "Duke Token is a decentralized meme token to incentivize the crypto space. Duke tokens is an experimental community driven project and the first with underlying utility & products.",
    "website": "https://duketoken.com",
    "explorer": "https://bscscan.com/token/0xAEe234825dC4687faE606485c1eBD06336052bCc",
    "status": "active",
    "id": "0xAEe234825dC4687faE606485c1eBD06336052bCc"
}