{
    "name": "MaticVerse",
    "type": "BEP20",
    "symbol": "Mverse",
    "decimals": 18,
    "website": "https://maticverse.io/",
    "description": "MATICVERSE is your gateway to the Baby Vengers multiverse!",
    "explorer": "https://bscscan.com/token/0xAf7BfA6240745Fd41D1ED4b5fADE9DCAF369bA6c",
    "status": "active",
    "id": "0xAf7BfA6240745Fd41D1ED4b5fADE9DCAF369bA6c",
    "links": [
        {
            "name": "twitter",
            "url": "https://twitter.com/maticverse"
        },
        {
            "name": "telegram",
            "url": "https://t.me/MaticVerse"
        },
        {
            "name": "telegram_news",
            "url": "https://t.me/MaticVerse_Ann"
        },
        {
            "name": "whitepaper",
            "url": "https://maticverse.io/assets/whitepaper_v2.pdf"
        },
        {
            "name": "coinmarketcap",
            "url": "https://coinmarketcap.com/currencies/babymatic/"
        },
        {
            "name": "coingecko",
            "url": "https://coingecko.com/en/coins/maticverse"
        }
    ]
}