{
    "name": "Vacay",
    "website": "https://vacay.finance",
    "description": "Vacay is a new Defi token on the Binance Smart Chain with the objective of making cryptocurrency payments a mainstream option for international travelers and the broader hostitality industry.",
    "explorer": "https://bscscan.com/token/0xa3424fb48b9fa2ff8d3366ed91f36b4cda7cadd8",
    "type": "BEP20",
    "symbol": "Vacay",
    "decimals": 18,
    "status": "active",
    "id": "0xA3424FB48b9FA2FF8D3366eD91f36b4cDa7cAdd8"
}