{
    "name": "VLaunch",
    "type": "ERC20",
    "symbol": "VPAD",
    "decimals": 18,
    "website": "https://www.vlaunch.com",
    "description": "First Fully Influencer-Backed Multi-Chain Launchpad",
    "explorer": "https://etherscan.io/token/0x51FE2E572e97BFEB1D719809d743Ec2675924EDc",
    "status": "active",
    "id": "0x51FE2E572e97BFEB1D719809d743Ec2675924EDc",
    "links": [
        {
            "name": "twitter",
            "url": "https://twitter.com/vlaunchcom"
        },
        {
            "name": "telegram",
            "url": "https://t.me/VLaunchCOMToken"
        },
        {
            "name": "telegram_news",
            "url": "https://t.me/codenamevalerts"
        },
        {
            "name": "coinmarketcap",
            "url": "https://coinmarketcap.com/currencies/vlaunch"
        },
        {
            "name": "coingecko",
            "url": "https://coingecko.com/coins/vlaunch"
        },
        {
            "name": "source_code",
            "url": "https://github.com/vlaunchcom"
        },
        {
            "name": "whitepaper",
            "url": "https://www.vlaunch.com/whitepaper"
        }
    ],
    "tags": [
        "staking"
    ]
}
