{
    "name": "SUKU",
    "website": "https://suku.world",
    "description": "The link between open finance, traceability, and transparency. The future of supply chains today.",
    "explorer": "https://etherscan.io/token/0x0763fdCCF1aE541A5961815C0872A8c5Bc6DE4d7",
    "type": "ERC20",
    "symbol": "SUKU",
    "decimals": 18,
    "status": "active",
    "id": "0x0763fdCCF1aE541A5961815C0872A8c5Bc6DE4d7",
    "links": [
        {
            "name": "github",
            "url": "https://github.com/SukuLab"
        },
        {
            "name": "twitter",
            "url": "https://twitter.com/SUKUecosystem"
        },
        {
            "name": "telegram",
            "url": "https://t.me/SUKUecosystem"
        },
        {
            "name": "facebook",
            "url": "https://facebook.com/SUKUecosystem"
        }
    ]
}