{
    "name": "Paint",
    "website": "https://murall.art",
    "description": "MurAll is a 2048x1024px digital mural that anyone can draw on without restriction. MurAll requires PAINT - a fixed supply token synonymous with real-life paint, which is burned in the painting transaction. Painting on MurAll also mints a MURALL NFT of the artwork for the artist to keep.",
    "explorer": "https://polygonscan.com/token/0x7c28f627ea3aec8b882b51eb1935f66e5b875714",
    "type": "POLYGON",
    "symbol": "PAINT",
    "decimals": 18,
    "status": "active",
    "id": "0x7c28F627eA3aEc8B882b51eb1935f66e5b875714",
    "links": [
        {
            "name": "github",
            "url": "https://github.com/murall-art"
        },
        {
            "name": "twitter",
            "url": "https://twitter.com/MurAll_art"
        },
        {
            "name": "telegram",
            "url": "https://t.me/MurALLart"
        },
        {
            "name": "coinmarketcap",
            "url": "https://coinmarketcap.com/currencies/murall/"
        },
        {
            "name": "coingecko",
            "url": "https://coingecko.com/en/coins/murall"
        }
    ]
}