{
    "name": "Enjinstarter",
    "website": "https://enjinstarter.com/",
    "description": "The Next-Generation Launchpad for Blockchain Games and the Metaverse",
    "explorer": "https://etherscan.io/token/0x96610186F3ab8d73EBEe1CF950C750f3B1Fb79C2",
    "symbol": "EJS",
    "type": "ERC20",
    "decimals": 18,
    "status": "active",
    "id": "0x96610186F3ab8d73EBEe1CF950C750f3B1Fb79C2",
    "links": [
        {
            "name": "github",
            "url": "https://github.com/enjinstarter/enjinstarter-tge-contracts"
        },
        {
            "name": "twitter",
            "url": "https://twitter.com/enjinstarter"
        },
        {
            "name": "telegram",
            "url": "https://t.me/ENJINSTARTER"
        },
        {
            "name": "facebook",
            "url": "https://facebook.com/enjinstarter"
        },
        {
            "name": "medium",
            "url": "https://medium.com/enjinstarter"
        },
        {
            "name": "youtube",
            "url": "https://youtube.com/channel/UCWzOp5iZ8B3vONrxlarIXbg"
        }
    ],
    "tags": [
        "gamefi",
        "nft"
    ]
}
