{
    "name": "Coin Discovery Token",
    "type": "BEP20",
    "symbol": "$CODI",
    "decimals": 18,
    "website": "https://coindiscovery.app",
    "description": "$CODI is a decentralized, community-driven ecosystem backed by CoinDiscovery that is the most trusted cryptocurrency data authority, coin voting and listing platform. It is the third largest in terms of no. of tokens listed with over 6000 tokens. We get 30k-60k users daily on the platform",
    "explorer": "https://bscscan.com/token/0x4AC32178097c1f62beadCC2D215B54D6915013ee",
    "status": "active",
    "id": "0x4AC32178097c1f62beadCC2D215B54D6915013ee",
    "links": [
        {
            "name": "twitter",
            "url": "https://twitter.com/CoinDiscoveryy"
        },
        {
            "name": "coinmarketcap",
            "url": "https://coinmarketcap.com/currencies/coin-discovery"
        },
        {
            "name": "telegram",
            "url": "https://t.me/coindiscovery_token"
        },
        {
            "name": "coingecko",
            "url": "https://coingecko.com/coins/coin-discovery"
        }
    ]
}