{
    "name": "Relevant",
    "symbol": "REL",
    "type": "ERC20",
    "decimals": 18,
    "description": "Relevant is an app for curating information based on quality, not clicks. Relevant uses a reputation system and economic incentives to encourage users to rank and organize content within topic-based communities. It’s based on the principle of inclusive hierarchy — anyone can participate but not everyone’s vote holds the same weight.",
    "website": "https://relevant.community/",
    "explorer": "https://etherscan.io/token/0xb6c4267C4877BB0D6b1685Cfd85b0FBe82F105ec",
    "status": "active",
    "id": "0xb6c4267C4877BB0D6b1685Cfd85b0FBe82F105ec"
}