{
    "name": "PearZap Token",
    "website": "https://app.pearzap.com/",
    "description": "High yield farms & pools on the Polygon Chain. Secure, experienced team and innovative farm features",
    "explorer": "https://polygonscan.com/token/0xc8bcb58caEf1bE972C0B638B1dD8B0748Fdc8A44",
    "type": "POLYGON",
    "symbol": "PEAR",
    "decimals": 18,
    "status": "active",
    "id": "0xc8bcb58caEf1bE972C0B638B1dD8B0748Fdc8A44",
    "links": [
        {
            "name": "github",
            "url": "https://github.com/pearzap"
        },
        {
            "name": "twitter",
            "url": "https://twitter.com/pearzap"
        },
        {
            "name": "coingecko",
            "url": "https://coingecko.com/en/coins/pear"
        },
        {
            "name": "medium",
            "url": "https://pearzap.medium.com"
        },
        {
            "name": "telegram",
            "url": "https://t.me/pearzap"
        },
        {
            "name": "youtube",
            "url": "https://youtube.com/channel/UCF1dw4IcP_wsXGm4nM4kPqQ"
        },
        {
            "name": "docs",
            "url": "https://doc.pearzap.com"
        }
    ]
}