{
    "name": "DeFi For You.",
    "website": "https://defi.com.vn",
    "description": "DEFI For You. Is a listing where by users can make pawn loans online to a worldwide market. We are basically letting you run your own online finance company with rates of your choosing. If you ever dreamed of owning your own bank well now you can. DEFi For You aims to clean up the Pawn industry using DFY smart contracts. At last Cryptocurrency has come if age. This is a world first and the market is limitless.",
    "explorer": "https://bscscan.com/token/0xd98560689c6e748dc37bc410b4d3096b1aa3d8c2",
    "research": "",
    "type": "BEP20",
    "symbol": "DFY",
    "decimals": 18,
    "status": "active",
    "id": "0xD98560689C6e748DC37bc410B4d3096B1aA3D8C2",
    "links": [
        {
            "name": "github",
            "url": "https://github.com/defi-vn/DeFi-VN-Smart-Contract"
        },
        {
            "name": "twitter",
            "url": "https://twitter.com/DeFi For You."
        },
        {
            "name": "telegram",
            "url": "https://t.me/DefiForYouDFY"
        },
        {
            "name": "facebook",
            "url": "https://facebook.com/DeFiForYouDFY"
        },
        {
            "name": "reddit",
            "url": "https://reddit.com/user/DeFiForYou"
        },
        {
            "name": "whitepaper",
            "url": "https://defi.com.vn/document/DFY-White-Paper.pdf"
        }
    ]
}