{
    "name": "LITE",
    "type": "BEP20",
    "symbol": "LITE",
    "decimals": 18,
    "website": "https://liteusd.com/",
    "description": "Lite is a decentralized stable coin casting protocol that allows users to use Lite as collateral to cast Lusd.",
    "explorer": "https://bscscan.com/token/0x4a846D300F793752eE8bd579192C477130C4B369",
    "status": "active",
    "id": "0x4a846D300F793752eE8bd579192C477130C4B369",
    "links": [
        {
            "name": "twitter",
            "url": "https://twitter.com/LiteUsd"
        },
        {
            "name": "github",
            "url": "https://github.com/LiteUSD"
        },
        {
            "name": "coinmarketcap",
            "url": "https://coinmarketcap.com/currencies/lite-usd/"
        }
    ],
    "tags": [
        "stablecoin"
    ]
}
