{
    "name": "HOGL Finance",
    "symbol": "HOGL",
    "type": "BEP20",
    "decimals": 16,
    "description": "HOGL is a deflationary currency on the BSC network. Every time a transaction takes place with HOGL, 1% of that transaction is removed or burned from the total supply and increases the scarcity of every HOGL.",
    "website": "https://hogl.finance",
    "explorer": "https://bscscan.com/token/0x182c763a4b2fbd18c9b5f2d18102a0ddd9d5df26",
    "status": "active",
    "id": "0x182c763a4b2Fbd18C9B5f2D18102a0dDd9D5DF26"
}