{
    "name": "RiskMoon",
    "website": "https://riskmoon.com/",
    "description": "RiskMoon is an evolving platform to leverage risk with dynamic yield generating strategies from NFTs. NFT staking, marketplace, and DEEPSPACE game in progress.",
    "explorer": "https://bscscan.com/token/0xa96f3414334F5A0A529ff5d9D8ea95f42147b8C9",
    "type": "BEP20",
    "symbol": "RISKMOON",
    "decimals": 9,
    "status": "active",
    "id": "0xa96f3414334F5A0A529ff5d9D8ea95f42147b8C9",
    "links": [
        {
            "name": "twitter",
            "url": "https://twitter.com/riskmoonbsc"
        },
        {
            "name": "telegram",
            "url": "https://t.me/RISKMOON"
        },
        {
            "name": "discord",
            "url": "https://discord.com/invite/9aJNPfdpUe"
        },
        {
            "name": "medium",
            "url": "https://riskmoonbsc.medium.com/"
        }
    ]
}