{
    "name": "(PoS) Tether USD",
    "website": "https://tether.to",
    "description": "Tether (USDT) is a cryptocurrency with a value meant to mirror the value of the U.S. dollar.",
    "explorer": "https://polygonscan.com/token/0xc2132d05d31c914a87c6611c10748aeb04b58e8f",
    "type": "POLYGON",
    "symbol": "USDT",
    "decimals": 6,
    "status": "active",
    "id": "0xc2132D05D31c914a87C6611C10748AEb04B58e8F",
    "links": [
        {
            "name": "facebook",
            "url": "https://facebook.com/tether.to/"
        },
        {
            "name": "twitter",
            "url": "https://twitter.com/Tether_to/"
        },
        {
            "name": "coinmarketcap",
            "url": "https://coinmarketcap.com/ru/currencies/tether/"
        }
    ]
}