{
    "name": "The 4th Pillar Token",
    "website": "https://4thtech.io/",
    "description": "FOUR is 4thTech ecosystem utility token used as the primary means to enable services such as data file and instant messages wallet to wallet exchange.",
    "explorer": "https://polygonscan.com/token/0x48cBc913dE09317dF2365e6827Df50dA083701D5",
    "type": "POLYGON",
    "symbol": "FOUR",
    "decimals": 18,
    "status": "active",
    "id": "0x48cBc913dE09317dF2365e6827Df50dA083701D5",
    "links": [
        {
            "name": "twitter",
            "url": "https://twitter.com/4thtechProject"
        },
        {
            "name": "coingecko",
            "url": "https://coingecko.com/en/coins/the-4th-pillar"
        },
        {
            "name": "medium",
            "url": "https://medium.com/the4thpillar"
        },
        {
            "name": "telegram",
            "url": "https://t.me/the4thpillarofficial"
        },
        {
            "name": "youtube",
            "url": "https://youtube.com/c/4thpillartechnologies"
        },
        {
            "name": "whitepaper",
            "url": "https://github.com/4thtech/static-assets/raw/main/pdf/whitepaper.pdf"
        },
        {
            "name": "coinmarketcap",
            "url": "https://coinmarketcap.com/currencies/4thpillar-technologies/"
        }
    ]
}