{
    "name": "CRV (PoS)",
    "website": "https://www.curve.fi/",
    "description": "The main purposes of the Curve DAO token are to incentivise liquidity providers on the Curve Finance platform as well as getting as many users involved as possible in the governance of the protocol.",
    "explorer": "https://polygonscan.com/token/0x172370d5cd63279efa6d502dab29171933a610af",
    "type": "POLYGON",
    "symbol": "CRV",
    "decimals": 18,
    "status": "active",
    "id": "0x172370d5Cd63279eFa6d502DAB29171933a610AF",
    "links": [
        {
            "name": "github",
            "url": "https://github.com/curvefi/curve-contract"
        },
        {
            "name": "twitter",
            "url": "https://twitter.com/CurveFinance"
        },
        {
            "name": "telegram",
            "url": "https://t.me/curvefi"
        },
        {
            "name": "coinmarketcap",
            "url": "https://coinmarketcap.com/currencies/curve-dao-token/"
        }
    ]
}