{
    "name": "HI",
    "type": "BEP20",
    "symbol": "HI",
    "decimals": 18,
    "website": "https://hi.com/",
    "description": "hi is leveraging blockchain technology to build services that are community powered. Members of hi are the key stakeholders of this ecosystem and the business is committed to maximize membership value - not profits. Our first product is a digital wallet that provides members with the most seamless payment experience via social messengers. The HI is a membership token that powers the hi ecosystem.",
    "explorer": "https://bscscan.com/token/0x77087aB5Df23cFB52449A188e80e9096201c2097",
    "status": "active",
    "id": "0x77087aB5Df23cFB52449A188e80e9096201c2097",
    "links": [
        {
            "name": "twitter",
            "url": "https://twitter.com/hi_com_official"
        },
        {
            "name": "github",
            "url": "https://github.com/HiChainGlobal/"
        },
        {
            "name": "telegram",
            "url": "https://t.me/hi_official"
        },
        {
            "name": "blog",
            "url": "https://resources.hi.com/news/"
        },
        {
            "name": "coingecko",
            "url": "https://coingecko.com/coins/hi-dollar"
        },
        {
            "name": "facebook",
            "url": "https://facebook.com/hi.com.official"
        },
        {
            "name": "coinmarketcap",
            "url": "https://coinmarketcap.com/currencies/hi-dollar/"
        },
        {
            "name": "youtube",
            "url": "https://youtube.com/hiofficialYT"
        },
        {
            "name": "reddit",
            "url": "https://reddit.com/hi_official/"
        },
        {
            "name": "discord",
            "url": "https://discord.com/invite/cfFQu8PQyw"
        },
        {
            "name": "whitepaper",
            "url": "https://cms.hi.com/uploads/hi_Whitepaper_en_4da11a89e8.pdf"
        }
    ],
    "tags": [
        "defi"
    ]
}
