{
    "name": "HeroesTD",
    "type": "BEP20",
    "symbol": "HTD",
    "decimals": 18,
    "website": "https://www.heroestd.io/",
    "description": "Heroes TD is a Free to Play or Play to Earn 3D GameFi built with Heroes Metaverse. You can play with each other and trade items on the NFT market! Join Heroes TD today and get your life-time investment!",
    "explorer": "https://bscscan.com/token/0x5E2689412Fae5c29BD575fbe1d5C1CD1e0622A8f",
    "status": "active",
    "id": "0x5E2689412Fae5c29BD575fbe1d5C1CD1e0622A8f",
    "links": [
        {
            "name": "twitter",
            "url": "https://twitter.com/heroes_td"
        },
        {
            "name": "discord",
            "url": "https://discord.com/heroestd"
        },
        {
            "name": "reddit",
            "url": "https://reddit.com/user/HeroesTD"
        },
        {
            "name": "facebook",
            "url": "https://facebook.com/Heroestd"
        },
        {
            "name": "medium",
            "url": "https://medium.com/@heroestd"
        },
        {
            "name": "telegram",
            "url": "https://t.me/Heroes_TD"
        },
        {
            "name": "telegram_news",
            "url": "https://t.me/HeroesTD_Club"
        },
        {
            "name": "whitepaper",
            "url": "https://docs.heroestd.io/"
        },
        {
            "name": "coinmarketcap",
            "url": "https://coinmarketcap.com/currencies/heroes-td/"
        },
        {
            "name": "github",
            "url": "https://github.com/heroestd"
        },
        {
            "name": "source_code",
            "url": "https://github.com/heroestd/heroestd-token"
        },
        {
            "name": "youtube",
            "url": "https://youtube.com/channel/UCAKBuEh6h06DKpWn8zpfujA"
        },
        {
            "name": "blog",
            "url": "https://blog.heroestd.io/"
        },
        {
            "name": "docs",
            "url": "https://docs.heroestd.io/"
        },
        {
            "name": "coingecko",
            "url": "https://coingecko.com/en/coins/heroes-td"
        }
    ]
}