{
    "name": "WES Token",
    "symbol": "WES",
    "type": "ERC20",
    "decimals": 18,
    "description": "WES Token (WES) is an ERC20 token used through the Westrend platform and designed to thrive in an ecosystem of utility and sustainability which will expand its value and development as a utility token in the real estate industry.",
    "website": "https://westoken.io/",
    "explorer": "https://etherscan.io/token/0x10766A65a17701eb411AedaBfcA1d94e072D44B8",
    "status": "active",
    "id": "0x10766A65a17701eb411AedaBfcA1d94e072D44B8"
}