{
    "name": "Arbitrage Token",
    "type": "BEP20",
    "symbol": "RBTR",
    "decimals": 18,
    "website": "https://rbtr.info",
    "description": "Arbitrage Token",
    "explorer": "https://bscscan.com/token/0x6469b35d2D5FAb6c53F73c7d9aBF537892DdB34a",
    "status": "active",
    "id": "0x6469b35d2D5FAb6c53F73c7d9aBF537892DdB34a",
    "links": [
        {
            "name": "twitter",
            "url": "https://twitter.com/RbtrToken"
        },
        {
            "name": "github",
            "url": "https://github.com/RubotInfo"
        },
        {
            "name": "telegram",
            "url": "https://t.me/rbtr_token"
        }
    ],
    "tags": [
        "staking-native",
        "defi"
    ]
}
