{
    "name": "CalltoCombat",
    "type": "BEP20",
    "symbol": "CTC",
    "decimals": 9,
    "website": "https://calltocombat.com",
    "description": "Call to Combat is the world's first multiplayer online role-playing game universe that exists inside the MetaVerse world where real players connect and earn.",
    "explorer": "https://bscscan.com/token/0x63221d19c4b512a6f4792f2da0a2083ea28c38c1",
    "status": "active",
    "id": "0x63221d19c4B512a6F4792F2Da0a2083eA28c38c1",
    "links": [
        {
            "name": "twitter",
            "url": "https://twitter.com/calltocombat"
        },
        {
            "name": "github",
            "url": "https://github.com/calltocombat"
        },
        {
            "name": "telegram",
            "url": "https://t.me/calltocombat"
        },
        {
            "name": "telegram_news",
            "url": "https://t.me/calltocombatnews"
        },
        {
            "name": "blog",
            "url": "https://medium.com/@calltocombat"
        },
        {
            "name": "docs",
            "url": "https://docs.calltocombat.com"
        }
    ],
    "tags": [
        "gamefi"
    ]
}
