{
    "name": "LoveDoge",
    "website": "https://lovedoge.io",
    "description": "Love Doge is released on the Binance Smart Chainthe next evolution of the contract that generates revenueand deflation: you get rewards in tokens instead of BNB",
    "explorer": "https://bscscan.com/token/0x7144E379C827fA71A7ecAA01d00607cBb7eB1b7A",
    "type": "BEP20",
    "symbol": "LoveDoge",
    "decimals": 9,
    "status": "active",
    "id": "0x7144E379C827fA71A7ecAA01d00607cBb7eB1b7A",
    "links": [
        {
            "name": "twitter",
            "url": "https://twitter.com/LoveDoge10"
        },
        {
            "name": "telegram",
            "url": "https://t.me/LoveDogeEN1"
        },
        {
            "name": "coingecko",
            "url": "https://coingecko.com/en/coins/love-doge"
        },
        {
            "name": "discord",
            "url": "https://discord.com/invite/ttmGKFrdb4"
        },
        {
            "name": "reddit",
            "url": "https://reddit.com/r/CryptoMoonShots/comments/ofb5ta/lovedoge_a_bsc_gem_2nd_airdrop_in_6_days_locked/"
        }
    ]
}