{
    "name": "YFMoonshot",
    "website": "https://yfmoonshot.com",
    "description": "YFMoonshot is the governance token for YFMoonshot, a site that performs a variety of functions for DeFi users, moving their assets in and out of different liquidity pools in order to find the best yields.",
    "explorer": "https://etherscan.io/token/0xfef3bEf71A5EB97E097039038776fD967ae5B106",
    "type": "ERC20",
    "symbol": "YFMS",
    "decimals": 18,
    "status": "active",
    "id": "0xfef3bEf71A5EB97E097039038776fD967ae5B106"
}