{
    "name": "Wrapped CCX",
    "website": "https://conceal.network/",
    "description": "Wrapped Conceal ($wCCX) is just a representation of ₡CCX on any of the available bridged ecosystems — a tokenized ₡CCX. Exactly one $wCCX will always represent (or equal) one ₡CCX.",
    "explorer": "https://polygonscan.com/token/0x137ee749f0f8c2ed34ca00de33bb59e3dafa494a",
    "type": "POLYGON",
    "symbol": "wCCX",
    "decimals": 6,
    "status": "active",
    "id": "0x137Ee749f0F8c2eD34cA00dE33BB59E3dafA494A",
    "links": [
        {
            "name": "discord",
            "url": "https://discord.com/invite/YbpHVSd"
        },
        {
            "name": "telegram",
            "url": "https://t.me/concealnetworkusers"
        },
        {
            "name": "twitter",
            "url": "https://twitter.com/ConcealNetwork"
        },
        {
            "name": "github",
            "url": "https://github.com/sushiswap"
        },
        {
            "name": "medium",
            "url": "https://concealnetwork.medium.com/"
        },
        {
            "name": "coingecko",
            "url": "https://coingecko.com/en/coins/wrapped-conceal"
        },
        {
            "name": "coinmarketcap",
            "url": "https://coinmarketcap.com/currencies/wrapped-conceal/"
        }
    ]
}