{
    "name": "SquidGrow",
    "type": "BEP20",
    "symbol": "SquidGrow",
    "decimals": 19,
    "website": "https://squidgrow.wtf",
    "description": "SquidGrow is the next big meme utility token in the cryptocurrency space! Created by the biggest Shiba Inu whale, SquidGrow has the building blocks to get to the highest level. With our owner being one of the biggest investors in the world, the possibilities and connections for SquidGrow are endless!",
    "explorer": "https://bscscan.com/token/0x88479186BAC914E4313389a64881F5ed0153C765",
    "status": "active",
    "id": "0x88479186BAC914E4313389a64881F5ed0153C765",
    "links": [
        {
            "name": "coinmarketcap",
            "url": "https://coinmarketcap.com/currencies/squid-grow/"
        },
        {
            "name": "telegram",
            "url": "https://t.me/SquidGrowPortal"
        },
        {
            "name": "twitter",
            "url": "https://twitter.com/Squid_Grow"
        },
        {
            "name": "coingecko",
            "url": "https://coingecko.com/en/coins/squidgrow"
        },
        {
            "name": "github",
            "url": "https://github.com/shibtoshi"
        }
    ],
    "tags": [
        "defi"
    ]
}