{
    "name": "FetaToken",
    "type": "BEP20",
    "symbol": "FETA",
    "decimals": 9,
    "website": "https://fetatoken.com/",
    "description": "FetaToken uses the technology of crypto to support charitable organizations and create community engagement with future projects. The FetaToken community holds events where portions of tokens in the charity wallet gets donated to the community's decided charity organization. FETA, also known as the Fun Ethical Triangular Alt-coin, is a Binance Smart Chain token with an automatic 9% tax on every transaction, of which 3% is distributed to holders, 3% is burned and 3% is sent to the charity wallet.",
    "explorer": "https://bscscan.com/token/0xcb5edcb7a2ade21ae4a695a5c7ffb7aa01dfaa5d",
    "status": "active",
    "id": "0xcB5EDCB7A2aDe21Ae4A695A5c7fFB7Aa01DFaA5d",
    "tags": [
        "deflationary"
    ]
}