{
    "name": "Impossible Finance",
    "website": "https://invest.impossible.finance/launchpad",
    "description": "Impossible Finance is a builder-focused multichain ecosystem featuring decentralized incubator, launchpad, and swap. The IDIA token is the core governance and access token for allocation into our launchpad sales. Users can stake the IDIA token into a variety of sectors and categories to secure allocation into the top project teams launching on Impossible.",
    "explorer": "https://polygonscan.com/token/0x0b15ddf19d47e6a86a56148fb4afffc6929bcb89",
    "type": "POLYGON",
    "symbol": "IDIA",
    "decimals": 18,
    "status": "active",
    "id": "0x0b15Ddf19D47E6a86A56148fb4aFFFc6929BcB89",
    "links": [
        {
            "name": "github",
            "url": "https://github.com/impossiblefinance"
        },
        {
            "name": "twitter",
            "url": "https://twitter.com/impossiblefi"
        },
        {
            "name": "blog",
            "url": "https://medium.com/impossiblefinance"
        },
        {
            "name": "telegram",
            "url": "https://t.me/ImpossibleFinance"
        },
        {
            "name": "coingecko",
            "url": "https://coingecko.com/en/coins/impossible-finance/"
        }
    ]
}