{
    "name": "WEB3 Inu",
    "type": "BEP20",
    "symbol": "WEB3",
    "decimals": 9,
    "website": "https://web3inu.org",
    "description": "Web3 Inu is a Rent-To-Earn token concept based in real world data interacting in two different layers: On-Chain and Off-Chain.",
    "explorer": "https://bscscan.com/token/0xd0c4BC1B89BbD105EeCb7EBa3f13E7648c0De38F",
    "status": "active",
    "id": "0xd0c4BC1B89BbD105EeCb7EBa3f13E7648c0De38F",
    "tags": [
        "gamefi"
    ],
    "links": [
        {
            "name": "twitter",
            "url": "https://twitter.com/web3_inu"
        },
        {
            "name": "github",
            "url": "https://github.com/web3inu"
        },
        {
            "name": "telegram",
            "url": "https://t.me/WEB3_inu"
        },
        {
            "name": "telegram_news",
            "url": "https://t.me/web3inu_news"
        },
        {
            "name": "whitepaper",
            "url": "https://web3inu.org/assets/Whitepaper.pdf"
        },
        {
            "name": "medium",
            "url": "https://medium.com/@web3_inu"
        },
        {
            "name": "coinmarketcap",
            "url": "https://coinmarketcap.com/currencies/web3-inu/"
        },
        {
            "name": "coingecko",
            "url": "https://coingecko.com/en/coins/web3-inu"
        },
        {
            "name": "source_code",
            "url": "https://bscscan.com/address/0xd0c4bc1b89bbd105eecb7eba3f13e7648c0de38f#code"
        }
    ]
}
