{
    "name": "API Inu",
    "type": "BEP20",
    "symbol": "API",
    "decimals": 9,
    "website": "https://www.apiinu.com/",
    "description": "API Inu provide a traditional API service to smart contracts in a decentralized way.",
    "explorer": "https://bscscan.com/token/0xa1943bc4a417ffd2e9e11a97383fa3f9548291c3",
    "status": "active",
    "id": "0xA1943Bc4a417ffd2E9e11A97383fa3f9548291c3",
    "links": [
        {
            "name": "twitter",
            "url": "https://twitter.com/apiinu"
        },
        {
            "name": "github",
            "url": "https://github.com/apiinu"
        },
        {
            "name": "telegram",
            "url": "https://t.me/apiinu"
        },
        {
            "name": "whitepaper",
            "url": "https://apiinu.com/assets/api_inu_whitepaper.pdf"
        },
        {
            "name": "medium",
            "url": "https://medium.com/@apiinu"
        },
        {
            "name": "coinmarketcap",
            "url": "https://coinmarketcap.com/currencies/api-inu/"
        }
    ],
    "tags": [
        "defi",
        "memes"
    ]
}
