{
    "name": "PolyDoge",
    "symbol": "PolyDoge",
    "type": "POLYGON",
    "decimals": 18,
    "description": "PolyDoge is a digital currency with one of the most vibrant communities on the powerful Polygon Network.",
    "website": "https://polydoge.com",
    "explorer": "https://polygonscan.com/token/0x8a953cfe442c5e8855cc6c61b1293fa648bae472",
    "status": "active",
    "id": "0x8A953CfE442c5E8855cc6c61b1293FA648BAE472",
    "links": [
        {
            "name": "twitter",
            "url": "https://twitter.com/polydoge"
        },
        {
            "name": "github",
            "url": "https://github.com/polydoge"
        },
        {
            "name": "telegram",
            "url": "https://t.me/polydoge"
        },
        {
            "name": "coingecko",
            "url": "https://coingecko.com/en/coins/polydoge/"
        },
        {
            "name": "blog",
            "url": "https://polydoge.medium.com/"
        }
    ]
}