{
    "name": "CheesecakeSwap Token",
    "website": "https://cheesecakeswap.com",
    "description": "The next generation AMM with high APY rates. Earn CCAKE through yield farming or win it in the Lottery, then stake it in Pools to earn more tokens! Initial Farm Offerings (new token launch model pioneered by CheeseCake Swap), NFTs, and more, on a platform you can trust.",
    "explorer": "https://bscscan.com/token/0xc7091AA18598b87588e37501b6Ce865263CD67Ce",
    "research": "",
    "type": "BEP20",
    "symbol": "CCAKE",
    "decimals": 18,
    "status": "active",
    "id": "0xc7091AA18598b87588e37501b6Ce865263CD67Ce"
}