{
    "name": "Bitcoiva",
    "type": "BEP20",
    "symbol": "BCA",
    "decimals": 18,
    "website": "https://www.bitcoiva.com",
    "description": "Bitcoiva is the Next-generation crypto-trading platform that supports various forms of transactions such as Fiat to Crypto trading, Crypto to Crypto trading and direct purchase option. Instant, fast and easy transactions are possible with Bitcoiva.",
    "explorer": "https://bscscan.com/token/0xddae5f343b7768eadaad88a7f520fff54f198211",
    "status": "active",
    "id": "0xdDaE5F343b7768eAdaAD88A7f520fFf54F198211",
    "links": [
        {
            "name": "twitter",
            "url": "https://twitter.com/bitcoiva"
        },
        {
            "name": "facebook",
            "url": "https://facebook.com/Bitcoiva.com.2021/"
        },
        {
            "name": "youtube",
            "url": "https://youtube.com/channel/UCxPyXRsK0TFIKfG1p2Ws0QA"
        },
        {
            "name": "telegram",
            "url": "https://t.me/BITCOIVA"
        },
        {
            "name": "coinmarketcap",
            "url": "https://coinmarketcap.com/currencies/bitcoiva/"
        },
        {
            "name": "coingecko",
            "url": "https://coingecko.com/coins/bitcoiva"
        },
        {
            "name": "blog",
            "url": "https://blog.bitcoiva.com/"
        }
    ],
    "tags": [
        "staking"
    ]
}
