{
    "name": "ElonGoat",
    "type": "BEP20",
    "symbol": "EGT",
    "decimals": 9,
    "website": "https://www.elongoat.io",
    "description": "Elon GOAT Token is building a biblical sized monument on the back of a semi-trailer dedicated to the Godfather of Crypto, Elon Musk.",
    "explorer": "https://bscscan.com/token/0x2cA25319E2E63719F87221D8bF3646F8F5dE5DED",
    "status": "active",
    "id": "0x2cA25319E2E63719F87221D8bF3646F8F5dE5DED",
    "links": [
        {
            "name": "coinmarketcap",
            "url": "https://coinmarketcap.com/currencies/elon-goat/"
        },
        {
            "name": "twitter",
            "url": "https://twitter.com/elongoattoken?s=21"
        },
        {
            "name": "telegram",
            "url": "https://t.me/elon_goat_token"
        },
        {
            "name": "facebook",
            "url": "https://facebook.com/ElonGoat.io"
        }
    ],
    "tags": [
        "deflationary"
    ]
}