{
    "name": "Moon Maker Protocol",
    "symbol": "MMP",
    "type": "BEP20",
    "decimals": 18,
    "description": "Moon Maker Protocol is a DeFi launchpad project, which assist a novel DeFi token launching their to community.",
    "website": "https://moonmakerprotocol.com",
    "explorer": "https://bscscan.com/token/0x768d221E81524De52841AeD976370b2e4F990416",
    "status": "active",
    "id": "0x768d221E81524De52841AeD976370b2e4F990416",
    "links": [
        {
            "name": "twitter",
            "url": "https://twitter.com/Moon Maker Protocol (MMP)"
        },
        {
            "name": "telegram",
            "url": "https://t.me/moonmooncash"
        }
    ]
}