{
    "name": "CCN",
    "type": "BEP20",
    "symbol": "CCN",
    "decimals": 12,
    "website": "https://ccnnetwork.co/",
    "description": "The world's first 24-hour crypto currency news and analysis network.",
    "explorer": "https://bscscan.com/token/0x721F40adC793e951EdF2ECE86376e7a103211252",
    "status": "active",
    "id": "0x721F40adC793e951EdF2ECE86376e7a103211252",
    "links": [
        {
            "name": "twitter",
            "url": "https://twitter.com/CCNnet"
        },
        {
            "name": "github",
            "url": "https://github.com/ccnnetworkco"
        },
        {
            "name": "telegram",
            "url": "https://t.me/ccnnetwork"
        },
        {
            "name": "whitepaper",
            "url": "https://ccnnetwork.co/whitepaper.pdf"
        },
        {
            "name": "facebook",
            "url": "https://facebook.com/CCNnetworkss"
        },
        {
            "name": "coinmarketcap",
            "url": "https://coinmarketcap.com/currencies/cryptocurrencynetwork/"
        },
        {
            "name": "youtube",
            "url": "https://youtube.com/channel/UCmBAbGxaNUXhRokbO1GCzgg"
        }
    ],
    "tags": [
        "defi"
    ]
}