{
    "name": "Wrapped MATIC",
    "type": "POLYGON",
    "symbol": "WMATIC",
    "decimals": 18,
    "website": "https://polygon.technology",
    "description": "Wrapped MATIC",
    "explorer": "https://polygonscan.com/token/0x0d500B1d8E8eF31E21C99d1Db9A6444d3ADf1270",
    "status": "active",
    "id": "0x0d500B1d8E8eF31E21C99d1Db9A6444d3ADf1270",
    "links": [
        {
            "name": "twitter",
            "url": "https://twitter.com/0xPolygon"
        },
        {
            "name": "telegram",
            "url": "https://t.me/polygonofficial"
        },
        {
            "name": "github",
            "url": "https://github.com/maticnetwork/"
        }
    ]
}