{
    "name": "CTC",
    "address": "0x6378930da9be7C90d824d7f113974741644d62dA",
    "description": "Cetacean Pool (CTC) will continue to be used to increase liquidity and borrow needs for BMJ-DAO as the First Distributed Storage Project BMJ's DeFi Governance Certificate. Participate in the ecological management of BMJ by pledgeing the proceeds of the DeFi project under the Cetacean Pool agreement.",
    "email": "bmj20200716@gmail.com",
    "website": "https://dapp.bmjcoin.com",
    "explorer": "https://etherscan.io/token/0x6378930da9be7C90d824d7f113974741644d62dA",
    "state": "NORMAL",
    "links": [
        {
            "name": "twitter",
            "url": "https://twitter.com/BMJ67466085"
        },
        {
            "name": "telegram",
            "url": "https://t.me/CTCcommunity01"
        },
        {
            "name": "github",
            "url": "https://github.com/BMJ20200716"
        }
    ],
    "type": "ERC20",
    "symbol": "CTC",
    "decimals": 18,
    "status": "active",
    "id": "0x6378930da9be7C90d824d7f113974741644d62dA"
}