{
    "name": "BUMooN",
    "website": "https://bumoon.io",
    "description": "BUMooN is a Eco-Living Token that aims to be dividend tools between its green project closed-loop revenue and user.",
    "explorer": "https://bscscan.com/token/0x3AefF4E27E1F9144eD75Ba65a80BdfEE345F413e",
    "type": "BEP20",
    "symbol": "BUMN",
    "decimals": 9,
    "status": "active",
    "id": "0x3AefF4E27E1F9144eD75Ba65a80BdfEE345F413e",
    "links": [
        {
            "name": "twitter",
            "url": "https://twitter.com/Bumoon_io"
        },
        {
            "name": "github",
            "url": "https://github.com/bumoonio"
        },
        {
            "name": "telegram",
            "url": "https://t.me/bumoonenglish"
        },
        {
            "name": "discord",
            "url": "https://discord.com/invite/xFMZ9dxqVB"
        },
        {
            "name": "medium",
            "url": "https://bumoon.medium.com/"
        },
        {
            "name": "reddit",
            "url": "https://reddit.com/user/bumoonio"
        },
        {
            "name": "facebook",
            "url": "https://facebook.com/BUMooNio-102624585390653"
        },
        {
            "name": "youtube",
            "url": "https://youtube.com/c/BUMooNOfficial"
        },
        {
            "name": "coinmarketcap",
            "url": "https://coinmarketcap.com/currencies/bumoon//"
        },
        {
            "name": "docs",
            "url": "https://docs.bumoon.io"
        },
        {
            "name": "whitepaper",
            "url": "https://bumoon.io/BUMooN%20Whitepaper.pdf"
        },
        {
            "name": "telegram_news",
            "url": "https://t.me/bumoonannouncement"
        },
        {
            "name": "coingecko",
            "url": "https://coingecko.com/en/coins/bumoon"
        }
    ]
}