{
    "name": "Uniswap (PoS)",
    "website": "https://uniswap.org/",
    "description": "The Uniswap protocol empowers developers, liquidity providers and traders to participate in a financial marketplace that is open and accessible to all.",
    "explorer": "https://polygonscan.com/token/0xb33eaad8d922b1083446dc23f610c2567fb5180f",
    "type": "POLYGON",
    "symbol": "UNI",
    "decimals": 18,
    "status": "active",
    "id": "0xb33EaAd8d922B1083446DC23f610c2567fB5180f",
    "links": [
        {
            "name": "discord",
            "url": "https://discord.com/FCfyBSbCU5"
        },
        {
            "name": "twitter",
            "url": "https://twitter.com/UniswapProtocol"
        },
        {
            "name": "coingecko",
            "url": "https://coingecko.com/en/coins/uniswap/"
        },
        {
            "name": "blog",
            "url": "https://uniswap.org/blog/uni/"
        },
        {
            "name": "coinmarketcap",
            "url": "https://coinmarketcap.com/currencies/uniswap/"
        }
    ]
}