{
    "name": "ART COIN",
    "type": "BEP20",
    "symbol": "ARTC",
    "decimals": 18,
    "website": "https://smartuse.art/",
    "description": "ARTC is the smartest way to be involved with crypto. ART COIN brings everything under one format for utility of your crypto.",
    "explorer": "https://bscscan.com/token/0xB9F41715D64e85C0d78bC4ed6857ef54Cd5B2737",
    "status": "active",
    "id": "0xB9F41715D64e85C0d78bC4ed6857ef54Cd5B2737",
    "links": [
        {
            "name": "twitter",
            "url": "https://twitter.com/artccoin"
        },
        {
            "name": "facebook",
            "url": "https://facebook.com/ART-COIN-100248662370343/"
        }
    ]
}