{
    "name": "Next Token",
    "type": "BEP20",
    "symbol": "NXT",
    "decimals": 18,
    "website": "https://nxt-token.com/",
    "description": "Connect companies to influencers.",
    "explorer": "https://bscscan.com/token/0x8e428aA75b271EbF905DB7e3F2970453E976481e",
    "status": "active",
    "id": "0x8e428aA75b271EbF905DB7e3F2970453E976481e",
    "links": [
        {
            "name": "twitter",
            "url": "https://twitter.com/token_next"
        },
        {
            "name": "github",
            "url": "https://github.com/NXTtoken"
        },
        {
            "name": "telegram",
            "url": "https://t.me/OFFICIALNXTTOKENChat"
        },
        {
            "name": "coinmarketcap",
            "url": "https://coinmarketcap.com/currencies/next-token/"
        },
        {
            "name": "source_code",
            "url": "https://bscscan.com/address/0x8e428aa75b271ebf905db7e3f2970453e976481e#contracts"
        },
        {
            "name": "discord",
            "url": "https://discord.com/uv6Utknfsw"
        },
        {
            "name": "reddit",
            "url": "https://reddit.com/user/NextTokenOfficial"
        },
        {
            "name": "whitepaper",
            "url": "https://nxt-token.com/en/white-paper"
        },
        {
            "name": "facebook",
            "url": "https://facebook.com/NEXT-TOKEN-101559578929673"
        },
        {
            "name": "coingecko",
            "url": "https://coingecko.com/pi%C3%A8ces/next-token"
        }
    ]
}