{
    "name": "CorgiCoin",
    "website": "https://corgicoin.net",
    "description": "CorgiCoin is the 100% community-owned dogecoin of Binance Smart Chain. It is 100x cheaper to exchange and send than competitors, and uses a fraction of the electricity.The Corgi ecosystem supports blockchain literacy and an NFT marketplace.",
    "explorer": "https://bscscan.com/token/0x450dCf93160A30BE156A4600802c91BF64dFFD2E",
    "type": "BEP20",
    "symbol": "CORGI",
    "decimals": 18,
    "status": "active",
    "id": "0x450dCf93160A30BE156A4600802c91BF64dFFD2E"
}