{
    "name": "GamingShiba",
    "type": "BEP20",
    "symbol": "GamingShiba",
    "decimals": 9,
    "website": "https://www.gamingshibaofficial.com",
    "description": "The modern technology and contemporary ambient that the internet created can not be imagined to function as a whole without crypto-currency.",
    "explorer": "https://bscscan.com/token/0x41cf3E9534156405a133Cda545aF9fF0E586500A",
    "status": "active",
    "id": "0x41cf3E9534156405a133Cda545aF9fF0E586500A",
    "links": [
        {
            "name": "twitter",
            "url": "https://twitter.com/gamingshibabsc"
        },
        {
            "name": "telegram",
            "url": "https://t.me/gamingshibabsc"
        },
        {
            "name": "coinmarketcap",
            "url": "https://coinmarketcap.com/currencies/gamingshiba/"
        }
    ]
}