{
    "name": "MetaAxis",
    "website": "https://metaaxiscoin.com/",
    "description": "MetaAxis is a revolutionary token with an innovative Buy Back and Play to Earn scheme built on Binance Smart Chain",
    "explorer": "https://bscscan.com/token/0x19D3A7c26a1271eeBB6f04bDb4565b7F2B7EFc30",
    "type": "BEP20",
    "symbol": "MTA",
    "decimals": 9,
    "status": "active",
    "id": "0x19D3A7c26a1271eeBB6f04bDb4565b7F2B7EFc30",
    "links": [
        {
            "name": "twitter",
            "url": "https://twitter.com/MetaAxisCoin"
        },
        {
            "name": "telegram",
            "url": "https://t.me/MetaAxisToken"
        },
        {
            "name": "whitepaper",
            "url": "https://metaaxiscoin.com/Whitepaper.pdf"
        }
    ]
}