{
    "name": "Binance-Peg Litecoin Token",
    "website": "https://litecoin.org/",
    "description": "Binance-Peg Litecoin Token (LTC BEP20) is a token issued by Binance on Smart Chain; its price is pegged to Litecoin (LTC) at a ratio of 1:1.",
    "explorer": "https://bscscan.com/token/0x4338665CBB7B2485A8855A139b75D5e34AB0DB94",
    "research": "https://research.binance.com/en/projects/litecoin",
    "type": "BEP20",
    "symbol": "LTC",
    "decimals": 18,
    "status": "active",
    "id": "0x4338665CBB7B2485A8855A139b75D5e34AB0DB94",
    "tags": [
        "binance-peg"
    ]
}