{
    "name": " Stacker Ventures Token (PoS)",
    "website": "https://stacker.vc/polygon",
    "description": "Stacker Ventures is a community-run protocol for initiating and managing pooled capital on the blockchain.",
    "explorer": "https://polygonscan.com/token/0xccbe9b810d6574701d324fd6dbe0a1b68f9d5bf7",
    "type": "POLYGON",
    "symbol": "STACK",
    "decimals": 18,
    "status": "active",
    "id": "0xccBe9B810d6574701d324fD6DbE0A1b68f9d5bf7",
    "links": [
        {
            "name": "discord",
            "url": "https://discord.com/invite/hFNRy3t"
        },
        {
            "name": "twitter",
            "url": "https://twitter.com/StackerVentures"
        },
        {
            "name": "coingecko",
            "url": "https://coingecko.com/en/coins/stacker-ventures/"
        },
        {
            "name": "coinmarketcap",
            "url": "https://coinmarketcap.com/currencies/stacker-ventures/"
        },
        {
            "name": "github",
            "url": "https://github.com/stacker-ventures"
        },
        {
            "name": "telegram",
            "url": "https://t.me/StackerVentures"
        }
    ]
}