{
    "name": "EverGrow",
    "website": "https://evergrowegc.com/",
    "description": "EverGrow Coin is a hyper deflationary token that rewards holders in BUSD",
    "explorer": "https://bscscan.com/token/0xC001BBe2B87079294C63EcE98BdD0a88D761434e",
    "type": "BEP20",
    "symbol": "EGC",
    "decimals": 9,
    "status": "active",
    "id": "0xC001BBe2B87079294C63EcE98BdD0a88D761434e",
    "tags": [
        "deflationary"
    ],
    "links": [
        {
            "name": "github",
            "url": "https://github.com/Evergrowcoin/Evergrowcoin"
        },
        {
            "name": "twitter",
            "url": "https://twitter.com/evergrowcoinEGC"
        },
        {
            "name": "telegram",
            "url": "https://t.me/evergrowcoin"
        }
    ]
}
