{
    "name": "DCIP",
    "website": "https://dcip.finance",
    "description": "DCIP is world's first Decentralized Community Investment Protocol.",
    "explorer": "https://bscscan.com/token/0x308FC5CdD559Be5cB62B08A26a4699bBef4a888f",
    "type": "BEP20",
    "symbol": "DCIP",
    "decimals": 9,
    "status": "active",
    "id": "0x308FC5CdD559Be5cB62B08A26a4699bBef4a888f",
    "links": [
        {
            "name": "github",
            "url": "https://github.com/DCIP-Finance/"
        },
        {
            "name": "twitter",
            "url": "https://twitter.com/dcip_finance"
        },
        {
            "name": "telegram",
            "url": "https://t.me/DCIPfinance"
        }
    ]
}