{
    "name": "Oddz",
    "type": "POLYGON",
    "symbol": "ODDZ",
    "decimals": 18,
    "website": "https://www.oddz.fi/",
    "description": "Multi-chain Derivatives Trading Protocol.",
    "explorer": "https://polygonscan.com/token/0x4e830F67Ec499E69930867f9017AEb5B3f629c73",
    "status": "active",
    "id": "0x4e830F67Ec499E69930867f9017AEb5B3f629c73",
    "links": [
        {
            "name": "telegram",
            "url": "https://t.me/oddz_fi_announcements"
        },
        {
            "name": "twitter",
            "url": "https://twitter.com/oddz_finance"
        },
        {
            "name": "facebook",
            "url": "https://facebook.com/Oddz.fi"
        },
        {
            "name": "whitepaper",
            "url": "https://docsend.com/view/mefxr8h3ymzuhwqk"
        },
        {
            "name": "github",
            "url": "https://github.com/oddz-finance"
        },
        {
            "name": "coinmarketcap",
            "url": "https://coinmarketcap.com/currencies/oddz/"
        }
    ],
    "tags": [
        "defi"
    ]
}