{
    "name": "Aave (PoS)",
    "website": "https://aave.com",
    "description": "Aave Protocol is a decentralised liquidity protocol where people can lend and borrow digital assets. The AAVE token is the governance token of the protocol, so AAVE holders can vote on proposals for updates. AAVE holders can also stake their AAVE in the protocol Safety Module and earn Safety Incentives for securing the protocol",
    "explorer": "https://polygonscan.com/token/0xd6df932a45c0f255f85145f286ea0b292b21c90b",
    "research": "https://research.binance.com/en/projects/aave-protocol",
    "type": "POLYGON",
    "symbol": "AAVE",
    "decimals": 18,
    "status": "active",
    "id": "0xD6DF932A45C0f255f85145f286eA0b292B21C90B",
    "links": [
        {
            "name": "github",
            "url": "https://github.com/aave/aave-protocol"
        },
        {
            "name": "twitter",
            "url": "https://twitter.com/AaveAave"
        },
        {
            "name": "reddit",
            "url": "https://reddit.com/r/Aave_Official"
        },
        {
            "name": "blog",
            "url": "https://medium.com/aave"
        },
        {
            "name": "facebook",
            "url": "https://facebook.com/AaveCom"
        },
        {
            "name": "whitepaper",
            "url": "https://github.com/aave/aave-protocol/blob/master/docs/Aave_Protocol_Whitepaper_v1_0.pdf/"
        },
        {
            "name": "coinmarketcap",
            "url": "https://coinmarketcap.com/currencies/aave/"
        },
        {
            "name": "coingecko",
            "url": "https://coingecko.com/en/coins/aave/"
        }
    ]
}