{
    "name": "Kitty Shiba",
    "type": "BEP20",
    "symbol": "KSHIBA",
    "decimals": 18,
    "website": "https://kittyshiba.com",
    "description": "KittyShiba, a decentralized & unique way to earn. Running on BSC, Token REFLECTION earning with very intelligent coding, makes KittyShiba much powerful.",
    "explorer": "https://bscscan.com/token/0xc978BA9309f3c3bE3a79302251A2bB041bAa7118",
    "status": "active",
    "id": "0xc978BA9309f3c3bE3a79302251A2bB041bAa7118",
    "links": [
        {
            "name": "twitter",
            "url": "https://twitter.com/kittyshiba"
        },
        {
            "name": "github",
            "url": "https://github.com/kittyshiba"
        },
        {
            "name": "telegram",
            "url": "https://t.me/kittyshiba"
        },
        {
            "name": "telegram_news",
            "url": "https://t.me/kittyshibanews"
        }
    ]
}