{
    "name": "LOVEEARTH COIN",
    "type": "ERC20",
    "symbol": "LEC",
    "decimals": 18,
    "website": "https://www.loveearth.info",
    "description": "LOVE EARTH Coin, is a charity token, aiming to build a new charity model in the age of Web 3.0",
    "explorer": "https://etherscan.io/token/0xFa30e62EEDcf80D47d42947fBCc034beeD5C09FE",
    "status": "active",
    "id": "0xFa30e62EEDcf80D47d42947fBCc034beeD5C09FE",
    "links": [
        {
            "name": "telegram",
            "url": "https://t.me/loveearthcoin"
        },
        {
            "name": "twitter",
            "url": "https://twitter.com/LoveEarthCoin"
        },
        {
            "name": "whitepaper",
            "url": "https://loveearth.info/#/whitepaper"
        },
        {
            "name": "docs",
            "url": "https://bit.ly/3epGqdu"
        }
    ]
}