{
    "name": "QUSD",
    "website": "https://qian.finance",
    "description": "QUSD is the first kind of stablecoin of QIAN protocol. In the future, QIAN will launch QHKD, QEUR and other stable assets).",
    "explorer": "https://etherscan.io/token/0x59d4CCC94A9C4C3d3b4bA2Aa343a9bDF95145DD1",
    "audit_report": "https://qian.finance/PeckShield-Audit-Report-QIAN2-v1.0.pdf",
    "type": "ERC20",
    "symbol": "QUSD",
    "decimals": 18,
    "status": "active",
    "id": "0x59d4CCC94A9C4C3d3b4bA2Aa343a9bDF95145DD1",
    "links": [
        {
            "name": "whitepaper",
            "url": "https://qian.finance/qian_whitepaper_zh.pdf"
        },
        {
            "name": "github",
            "url": "https://github.com/QIAN-Protocol/QIAN"
        }
    ]
}