{
    "name": "AirNFT Token",
    "type": "POLYGON",
    "symbol": "AIRT",
    "decimals": 18,
    "website": "https://www.airnfts.com/",
    "description": "AirNFTs is NFT marketplace built for multi-chain NFTs on BSC and Polygon and many more, where you can Mint, Trade, Earn with your NFTs.",
    "explorer": "https://polygonscan.com/token/0xbcd287ca1c614ecd8c5ca95bff3c13c392192df5",
    "status": "active",
    "id": "0xBCD287ca1C614Ecd8c5Ca95bFf3c13c392192df5",
    "links": [
        {
            "name": "twitter",
            "url": "https://twitter.com/airnfts"
        },
        {
            "name": "telegram",
            "url": "https://t.me/joinchat/HKsQnSvxhfjjKGJe"
        },
        {
            "name": "coinmarketcap",
            "url": "https://coinmarketcap.com/currencies/airnfts/"
        },
        {
            "name": "discord",
            "url": "https://discord.com/invite/TXjQUVWXx7"
        }
    ],
    "tags": [
        "nft"
    ]
}
