{
    "name": "Mooni",
    "type": "BEP20",
    "symbol": "MOONI",
    "decimals": 9,
    "website": "https://moonidefi.com",
    "description": "Mooni(MOONI) token has had ownership renounced by the development team. MOONI DeFi is the incubator based on Binance Smart chain with innovative product launches, where community gets rewarded in ecosystem tokens.",
    "explorer": "https://bscscan.com/token/0xEd438051437c22A9Ef249B68c7E292435fE8B858",
    "status": "active",
    "id": "0xEd438051437c22A9Ef249B68c7E292435fE8B858",
    "tags": [
        "deflationary"
    ]
}