{
    "name": "Hoge Finance",
    "website": "https://hogefinance.com",
    "description": "We Meme Business.",
    "explorer": "https://polygonscan.com/token/0x58c1BBb508e96CfEC1787Acf6Afe1C7008A5B064",
    "type": "POLYGON",
    "symbol": "HOGE",
    "decimals": 9,
    "status": "active",
    "id": "0x58c1BBb508e96CfEC1787Acf6Afe1C7008A5B064",
    "links": [
        {
            "name": "reddit",
            "url": "https://reddit.com/r/hoge"
        },
        {
            "name": "discord",
            "url": "https://discord.com/invite/hoge"
        },
        {
            "name": "twitter",
            "url": "https://twitter.com/hogefinance"
        },
        {
            "name": "telegram",
            "url": "https://t.me/hogefinance"
        },
        {
            "name": "coinmarketcap",
            "url": "https://coinmarketcap.com/currencies/hoge-finance"
        },
        {
            "name": "coingecko",
            "url": "https://coingecko.com/en/coins/hoge-finance"
        }
    ]
}