{
    "name": "Giftedhands",
    "website": "https://www.giftedhands.io",
    "description": "Giftedhands aims to offer solutions to constant issues in payment to freelancer developers in terms of speeding up the payment process.",
    "explorer": "https://etherscan.io/token/0x3b544e6fcf6C8dCE9D8B45A4FdF21C9B02f9fDa9",
    "type": "ERC20",
    "symbol": "GHD",
    "decimals": 18,
    "status": "active",
    "id": "0x3b544e6fcf6C8dCE9D8B45A4FdF21C9B02f9fDa9",
    "links": [
        {
            "name": "twitter",
            "url": "https://twitter.com/giftedhandsGHD"
        },
        {
            "name": "telegram",
            "url": "https://t.me/GiftedHandsTokenChannel"
        },
        {
            "name": "youtube",
            "url": "https://youtube.com/watch?v=lu9I7rN2Mus"
        },
        {
            "name": "facebook",
            "url": "https://facebook.com/Gitedhands-Token-100871005019968/"
        },
        {
            "name": "whitepaper",
            "url": "https://drive.google.com/file/d/1Z7gUARX-h5xiF7Y5xFRQCiGf0yZQ7QP_/view"
        }
    ]
}