{
    "name": "SafeMars",
    "website": "https://www.safemarscrypto.com",
    "description": "Autonomous yield and liquidity generation protocol on BSC",
    "explorer": "https://bscscan.com/token/0x3aD9594151886Ce8538C1ff615EFa2385a8C3A88",
    "type": "BEP20",
    "symbol": "SAFEMARS",
    "decimals": 9,
    "status": "active",
    "id": "0x3aD9594151886Ce8538C1ff615EFa2385a8C3A88",
    "tags": [
        "deflationary"
    ],
    "links": [
        {
            "name": "twitter",
            "url": "https://twitter.com/safemartians"
        },
        {
            "name": "telegram",
            "url": "https://t.me/safemars"
        }
    ]
}