{
    "name": "Shopaneum",
    "type": "BEP20",
    "symbol": "SPN",
    "decimals": 18,
    "website": "https://shopaneum.com",
    "description": "Shopaneum is the e-commerce platform, Allowing consumers to enjoy online shopping seamlessy, securely, and cost effectively. It serves as the bridge between the cryptocurrency world and the e-commerce world to satisfy consumers who previously couldn't shop while using digital assets.",
    "explorer": "https://bscscan.com/token/0xFF749E976358791a3799262B8FccedF8D0888563",
    "status": "active",
    "id": "0xFF749E976358791a3799262B8FccedF8D0888563"
}