{
    "name": "Ape Swap LP BNB-ETH",
    "website": "https://apeswap.finance",
    "description": "ApeSwap is an Automated Market Maker, Yield Farming, and Staking platform on Binance Smart Chain. ApeSwap was built by DeFi Apes, for DeFi Apes. We have a dedicated team of experienced monkeys, who have been in the crypto space for years.",
    "explorer": "https://bscscan.com/token/0xA0C3Ef24414ED9C9B456740128d8E63D016A9e11",
    "type": "BEP20",
    "symbol": "APE-LP",
    "decimals": 18,
    "status": "active",
    "id": "0xA0C3Ef24414ED9C9B456740128d8E63D016A9e11",
    "links": [
        {
            "name": "github",
            "url": "https://github.com/ApeSwapFinance"
        },
        {
            "name": "docs",
            "url": "https://apeswap.gitbook.io/apeswap-finance/"
        },
        {
            "name": "twitter",
            "url": "https://twitter.com/ape_swap"
        },
        {
            "name": "telegram",
            "url": "https://t.me/ape_swap"
        },
        {
            "name": "telegram_news",
            "url": "https://t.me/ape_swap_news"
        },
        {
            "name": "medium",
            "url": "https://ape-swap.medium.com/"
        },
        {
            "name": "discord",
            "url": "https://discord.com/invite/AbVxfGRCSd/"
        },
        {
            "name": "reddit",
            "url": "https://reddit.com/r/Apeswap/"
        },
        {
            "name": "coinmarketcap",
            "url": "https://coinmarketcap.com/currencies/apeswap-finance/"
        },
        {
            "name": "coingecko",
            "url": "https://coingecko.com/en/coins/apeswap-finance"
        }
    ]
}