{
    "name": "$ZKP Token",
    "symbol": "$ZKP",
    "type": "POLYGON",
    "decimals": 18,
    "description": "Panther Protocol Token on Polygon",
    "website": "https://pantherprotocol.io",
    "explorer": "https://polygonscan.com/token/0x9A06Db14D639796B25A6ceC6A1bf614fd98815EC",
    "status": "active",
    "id": "0x9A06Db14D639796B25A6ceC6A1bf614fd98815EC",
    "links": [
        {
            "name": "blog",
            "url": "https://blog.pantherprotocol.io"
        },
        {
            "name": "coingecko",
            "url": "https://coingecko.com/coins/panther-protocol"
        },
        {
            "name": "coinmarketcap",
            "url": "https://coinmarketcap.com/currencies/panther-protocol/"
        },
        {
            "name": "discord",
            "url": "https://discord.com/invite/WZuRnMCZ4c"
        },
        {
            "name": "docs",
            "url": "https://docs.pantherprotocol.io/"
        },
        {
            "name": "facebook",
            "url": "https://facebook.com/Panther-Protocol-102781158610564/"
        },
        {
            "name": "github",
            "url": "https://github.com/pantherprotocol"
        },
        {
            "name": "medium",
            "url": "https://medium.com/@panther-protocol"
        },
        {
            "name": "reddit",
            "url": "https://reddit.com/r/PantherProtocol"
        },
        {
            "name": "telegram",
            "url": "https://t.me/pantherprotocol"
        },
        {
            "name": "telegram_news",
            "url": "https://t.me/pantherprotocolann"
        },
        {
            "name": "twitter",
            "url": "https://twitter.com/ZkPanther"
        },
        {
            "name": "whitepaper",
            "url": "https://pantherprotocol.io/resources/panther-protocol-v-1-0-1.pdf"
        }
    ],
    "tags": [
        "privacy",
        "defi"
    ]
}
