{
    "name": "Vangold",
    "type": "BEP20",
    "symbol": "VGD",
    "decimals": 18,
    "website": "https://vangold.finance",
    "description": "VANGOLD is one of the worlds first blockchain-based freelancer platform on the Binance Chain network, working with 100% decentralized smart contract.",
    "explorer": "https://bscscan.com/token/0x487ecd4cFa635D1a9409E86Cd22d33d5abEb7b44",
    "status": "active",
    "id": "0x487ecd4cFa635D1a9409E86Cd22d33d5abEb7b44",
    "links": [
        {
            "name": "twitter",
            "url": "https://twitter.com/vangoldfinance"
        },
        {
            "name": "github",
            "url": "https://github.com/vangoldfinance"
        }
    ]
}