{
    "name": "Milo Inu",
    "website": "https://milotoken.io",
    "description": "Milo does what he can to help more vulnerable people in need",
    "explorer": "https://bscscan.com/token/0xd9de2b1973e57dc9dba90c35d6cd940ae4a3cbe1",
    "type": "BEP20",
    "symbol": "MILO",
    "decimals": 9,
    "status": "active",
    "id": "0xd9dE2B1973E57Dc9DBA90c35d6Cd940ae4A3CBe1",
    "links": [
        {
            "name": "twitter",
            "url": "https://twitter.com/MiloInu"
        },
        {
            "name": "whitepaper",
            "url": "https://milotoken.io/static/MiloInu_en.pdf"
        },
        {
            "name": "telegram",
            "url": "https://t.me/MiloInu"
        },
        {
            "name": "coinmarketcap",
            "url": "https://coinmarketcap.com/currencies/milo-inu/"
        },
        {
            "name": "coingecko",
            "url": "https://coingecko.com/coins/milo-inu"
        }
    ],
    "tags": [
        "nft",
        "gamefi"
    ]
}
