{
    "name": "Bombcrypto Coin",
    "type": "POLYGON",
    "symbol": "BOMB",
    "decimals": 18,
    "website": "https://polygon.bombcrypto.io/",
    "description": "BOMB, the native utility token of Bomb Crypto 2 is used to play, exchange, and trade on the ecosystem.",
    "explorer": "https://polygonscan.com/token/0xb2c63830d4478cb331142fac075a39671a5541dc",
    "status": "active",
    "id": "0xB2C63830D4478cB331142FAc075A39671a5541dC",
    "links": [
        {
            "name": "twitter",
            "url": "https://twitter.com/BombPolygon"
        },
        {
            "name": "telegram",
            "url": "https://t.me/Bombcrypto2_polygon"
        },
        {
            "name": "facebook",
            "url": "https://facebook.com/BombPolygon"
        }
    ],
    "tags": [
        "gamefi",
        "nft"
    ]
}
