{
    "name": "Mononoke Inu",
    "website": "https://www.mononoke-i.nu/",
    "description": "Mononoke Inu - the anime token with the biggest potential out there! Freshly released on Ethereum!",
    "explorer": "https://etherscan.io/token/0x4da08a1bff50be96bded5c7019227164b49c2bfc",
    "type": "ERC20",
    "symbol": "Mononoke-Inu",
    "decimals": 9,
    "status": "active",
    "id": "0x4da08a1Bff50BE96bdeD5C7019227164b49C2bFc",
    "links": [
        {
            "name": "github",
            "url": "https://github.com/MononokeInu"
        },
        {
            "name": "twitter",
            "url": "https://twitter.com/Mononoke_Inu"
        },
        {
            "name": "reddit",
            "url": "https://reddit.com/r/mononoke_inu"
        },
        {
            "name": "telegram",
            "url": "https://t.me/mononokeinu"
        },
        {
            "name": "youtube",
            "url": "https://youtube.com/channel/UCdH9xvqETEHJSZDRW94jJAg"
        }
    ]
}