{
    "name": "Quantum Assets Token",
    "type": "BEP20",
    "symbol": "QA",
    "decimals": 18,
    "website": "https://www.quantumassets.vg/",
    "description": "Quantum Assets uses quantum phenomena (quantum tunneling of electrons) to produce a new class of quantum cryptographic keys - creating quantum assets. Holders of Quantum Assets Token (QA) at relevant blocks are guaranteed airdrops of new quantum assets as they are released to market.",
    "explorer": "https://bscscan.com/token/0x4ef29F3B804C316bA8bA464A765C601Fc092a2e9",
    "status": "active",
    "id": "0x4ef29F3B804C316bA8bA464A765C601Fc092a2e9",
    "links": [
        {
            "name": "twitter",
            "url": "https://twitter.com/QuantumAssetsQA"
        },
        {
            "name": "coingecko",
            "url": "https://coingecko.com/en/coins/quantum-assets"
        }
    ],
    "tags": [
        "privacy"
    ]
}
