{
    "name": "Lunapad",
    "type": "BEP20",
    "symbol": "LunaPad",
    "decimals": 18,
    "website": "https://www.luna-pad.com/",
    "description": "Luna-Pad is peer to peer innovative Launchpad to launch new projects in TerraLuna ecosystem & Binance smart chain Luna-Pad comes up with the most transformative technologies since the Terra ecosystem adoption is increasing massively. Luna-Pad stands firmly in support to give exposure to the upcoming projects willing to join Terra and BSC ecosystem. Luna-Pad gives liberty to it's investors to participate in token sale conducted by Luna-Pad on its Launchpad.",
    "explorer": "https://bscscan.com/token/0xD1FdF57241df3C36dad469060caC9f1ea2eE7585",
    "status": "active",
    "id": "0xD1FdF57241df3C36dad469060caC9f1ea2eE7585",
    "links": [
        {
            "name": "coinmarketcap",
            "url": "https://coinmarketcap.com/currencies/luna-pad"
        },
        {
            "name": "coingecko",
            "url": "https://coingecko.com/en/coins/luna-pad"
        }
    ]
}