{
    "name": "Decentral Games",
    "website": "https://decentral.games",
    "description": "Decentral Games is a metaverse-native gaming DAO building play-to-earn poker. DG Hodlers vote on treasury management, economic policy, and development to grow and strengthen the Decentral Games ecosystem.",
    "explorer": "https://polygonscan.com/token/0xef938b6da8576a896f6e0321ef80996f4890f9c4",
    "type": "POLYGON",
    "symbol": "DG",
    "decimals": 18,
    "status": "active",
    "id": "0xef938b6da8576a896f6E0321ef80996F4890f9c4",
    "tags": [
        "gamefi"
    ],
    "links": [
        {
            "name": "twitter",
            "url": "https://twitter.com/decentralgames"
        },
        {
            "name": "github",
            "url": "https://github.com/decentralgames"
        },
        {
            "name": "telegram",
            "url": "https://t.me/decentralgames"
        },
        {
            "name": "coinmarketcap",
            "url": "https://coinmarketcap.com/currencies/decentral-games-new/"
        }
    ]
}
