{
    "name": "LESLARVERSE",
    "website": "https://www.leslarmetaverse.com",
    "description": "LESLAR Metaverse aims to empower people to the future and create an ecosystem for people to connect, trade, learn, and play the immersive world of Web 3.0 with rewards.",
    "explorer": "https://bscscan.com/token/0x39bca4d597062378b5669cd31a3bbfeccdd36b3c",
    "type": "BEP20",
    "symbol": "LLVERSE",
    "decimals": 9,
    "status": "active",
    "id": "0x39bca4d597062378b5669CD31a3bBFECCDd36B3c",
    "links": [
        {
            "name": "github",
            "url": "https://github.com/leslarmetaverse"
        },
        {
            "name": "twitter",
            "url": "https://twitter.com/leslarmetaverse"
        },
        {
            "name": "telegram",
            "url": "https://t.me/leslarmetaverse_global"
        },
        {
            "name": "coinmarketcap",
            "url": "https://coinmarketcap.com/currencies/leslarverse/"
        }
    ],
    "tags": [
        "gamefi",
        "nft"
    ]
}
