{
    "name": "Terra Virtua Kolect",
    "website": "https://terravirtua.io",
    "description": "TVK is the fuel of Terra Virtua, opening up a whole world of privileges, experiences and opportunities. Use TVK to get exclusive NFTs, drops, discounts, staking and other privileges.",
    "explorer": "https://etherscan.io/token/0xd084b83c305dafd76ae3e1b4e1f1fe2ecccb3988",
    "research": "",
    "type": "ERC20",
    "symbol": "TVK",
    "decimals": 18,
    "status": "active",
    "id": "0xd084B83C305daFD76AE3E1b4E1F1fe2eCcCb3988",
    "links": [
        {
            "name": "coinmarketcap",
            "url": "https://coinmarketcap.com/currencies/terra-virtua-kolect/"
        },
        {
            "name": "twitter",
            "url": "https://twitter.com/terra_virtua"
        },
        {
            "name": "telegram",
            "url": "https://t.me/terravirtua"
        }
    ]
}