{
    "name": "BUX Token",
    "website": "https://getbuxcrypto.com",
    "description": "BUX is a platform that makes crypto trading simple and accessible.",
    "explorer": "https://bscscan.com/token/0x211ffbe424b90e25a15531ca322adf1559779e45",
    "type": "BEP20",
    "symbol": "BUX",
    "decimals": 18,
    "status": "active",
    "id": "0x211FfbE424b90e25a15531ca322adF1559779E45",
    "links": [
        {
            "name": "twitter",
            "url": "https://twitter.com/buxcrypto"
        },
        {
            "name": "telegram",
            "url": "https://t.me/buxcommunity"
        }
    ]
}