{
    "name": "Corgiswap",
    "type": "BEP20",
    "symbol": "CORIS",
    "decimals": 18,
    "website": "https://corgiswap.org/",
    "description": "CORGISWAP is a decentralized finance (DeFi) application that lets users exchange tokens while also providing liquidity through farming and earning fees",
    "explorer": "https://bscscan.com/token/0x2a2cD8b1F69EB9dda5d703b3498d97080C2F194F",
    "status": "active",
    "id": "0x2a2cD8b1F69EB9dda5d703b3498d97080C2F194F",
    "links": [
        {
            "name": "twitter",
            "url": "https://twitter.com/corgidogeestate"
        },
        {
            "name": "telegram",
            "url": "https://t.me/corgidoge_official"
        },
        {
            "name": "telegram_news",
            "url": "https://t.me/corgidoge_news"
        }
    ]
}