{
    "name": "SHIBA INU",
    "website": "https://shibatoken.com/",
    "description": "According to SHIBA INU, the reasoning behind the creation of SHIBA is that Shibas constantly forget where they bury their treasure. The website proclaims \"Many doggie wars have been waged over precious treasure and delicious goodies.\"",
    "explorer": "https://etherscan.io/token/0x95aD61b0a150d79219dCF64E1E6Cc01f0B64C4cE",
    "type": "ERC20",
    "symbol": "SHIB",
    "decimals": 18,
    "status": "active",
    "id": "0x95aD61b0a150d79219dCF64E1E6Cc01f0B64C4cE",
    "tags": [
        "deflationary",
        "memes"
    ],
    "links": [
        {
            "name": "telegram",
            "url": "https://t.me/shibainuthedogecoinkiller"
        },
        {
            "name": "coinmarketcap",
            "url": "https://coinmarketcap.com/currencies/shiba-inu/"
        },
        {
            "name": "coingecko",
            "url": "https://coingecko.com/en/coins/shiba-inu/"
        }
    ]
}