{
    "name": "Endless Board Game",
    "website": "https://endlessboardgame.com",
    "description": "ENG is the main key to the Endless Board Game gaming platform for different P2E games.",
    "explorer": "https://bscscan.com/token/0x7eefb6aeb8bc2c1ba6be1d4273ec0758a1321272",
    "type": "BEP20",
    "symbol": "ENG",
    "decimals": 18,
    "status": "active",
    "id": "0x7EeFB6AeB8BC2c1ba6be1D4273eC0758a1321272",
    "links": [
        {
            "name": "twitter",
            "url": "https://twitter.com/EngToken"
        },
        {
            "name": "telegram",
            "url": "https://t.me/endlessbg"
        },
        {
            "name": "whitepaper",
            "url": "https://endlessboardgame.com/Content/ENG%20Whitepaper.pdf"
        }
    ],
    "tags": [
        "gamefi"
    ]
}
