{
    "name": "GYSR",
    "website": "https://gysr.io",
    "description": "GYSR is an open platform for on-chain incentives.",
    "explorer": "https://polygonscan.com/token/0xc48f61a288a08f1b80c2edd74652e1276b6a168c",
    "type": "POLYGON",
    "symbol": "GYSR",
    "decimals": 18,
    "status": "active",
    "id": "0xc48F61a288A08F1B80c2edd74652e1276B6A168c",
    "links": [
        {
            "name": "github",
            "url": "https://github.com/gysr-io"
        },
        {
            "name": "twitter",
            "url": "https://twitter.com/gysr_io"
        },
        {
            "name": "telegram",
            "url": "https://t.me/gysr_io"
        },
        {
            "name": "discord",
            "url": "https://discord.com/invite/qjWa7JB"
        },
        {
            "name": "medium",
            "url": "https://medium.com/gysr"
        },
        {
            "name": "blog",
            "url": "https://gysr.substack.com"
        },
        {
            "name": "whitepaper",
            "url": "https://resources.gysr.io/gysr_v2_whitepaper.pdf"
        },
        {
            "name": "coinmarketcap",
            "url": "https://coinmarketcap.com/currencies/gysr"
        },
        {
            "name": "coingecko",
            "url": "https://coingecko.com/en/coins/geyser"
        }
    ],
    "tags": [
        "defi"
    ]
}
