{
    "name": "LittleGecko",
    "website": "https://littlegecko.net",
    "description": "LittleGecko is a promising project that aims to be the leading BEP-20 (crypto)currency project with yield and social media contents/meme/yield/Nft farming: run and owned by its community.",
    "explorer": "https://bscscan.com/token/0x2F52F99DB24b0cBedD16dA57b098226D3b0831e8",
    "type": "BEP20",
    "symbol": "littlegecko",
    "decimals": 9,
    "status": "active",
    "id": "0x2F52F99DB24b0cBedD16dA57b098226D3b0831e8"
}