{
    "name": "TravelCake",
    "type": "BEP20",
    "symbol": "TVL",
    "decimals": 18,
    "website": "https://www.travelcake.io/",
    "description": "TravelCake is an accommodation booking platform that brings you steep discounts via cashback rewards in the form of blockchain tokens, turning your bookings into lucrative investments.",
    "explorer": "https://bscscan.com/token/0x4388cA448baF6785bf1222a3E8e266536548eD75",
    "status": "abandoned",
    "id": "0x4388cA448baF6785bf1222a3E8e266536548eD75"
}