{
    "name": "Marvin Inu",
    "type": "BEP20",
    "symbol": "MARVIN",
    "decimals": 18,
    "website": "https://marvininueth.com/",
    "description": "Marvin INU has more than just hype backing it. The ambitious team behind this project has committed to providing multiple utilities within the ecosystem. Marvin is here to stay, not only as a tribute to Elon’s dog, but to bring you a full suite of treats, including his Launchpad, Staking, Farming, and more. ",
    "explorer": "https://bscscan.com/token/0x71aB195498b6dC1656aBb4D9233f83Ae5F19495B",
    "status": "active",
    "id": "0x71aB195498b6dC1656aBb4D9233f83Ae5F19495B",
    "links": [
        {
            "name": "telegram",
            "url": "https://t.me/MarvinInuofficial"
        },
        {
            "name": "twitter",
            "url": "https://twitter.com/marvin_inu?s=21"
        }
    ],
    "tags": [
        "memes"
    ]
}
