{
    "name": "Antex",
    "website": "https://antex.org",
    "description": "AntEx provides an ever-growing suite of decentralized services. The objective is to bring value to the DeFi space as a whole by delivering disruptive, flexible and audited technology. Strengthen your project and reward your communities using our services.",
    "explorer": "https://bscscan.com/token/0xca1acab14e85f30996ac83c64ff93ded7586977c",
    "type": "BEP20",
    "symbol": "ANTEX",
    "decimals": 8,
    "status": "active",
    "id": "0xCA1aCAB14e85F30996aC83c64fF93Ded7586977C",
    "tags": [
        "defi"
    ],
    "links": [
        {
            "name": "telegram",
            "url": "https://t.me/AntExChat"
        },
        {
            "name": "twitter",
            "url": "https://twitter.com/Antex_Official"
        },
        {
            "name": "facebook",
            "url": "https://facebook.com/antexannoucement"
        },
        {
            "name": "youtube",
            "url": "https://youtube.com/c/antexofficial"
        },
        {
            "name": "discord",
            "url": "https://discord.com/invite/nC7eRbtfrM"
        }
    ]
}