{
    "name": "Daily COP",
    "website": "https://dlycrypto.com/",
    "description": "Daily COP is a stablecoin pegged to the Colombian Peso to make financial services accesible to everyone and let Colombians easily enter the crypto-space with a familiar and stable currency that will open a new world of knowledge and opportunities.",
    "explorer": "https://polygonscan.com/token/0x1659fFb2d40DfB1671Ac226A0D9Dcc95A774521A",
    "type": "POLYGON",
    "symbol": "DLYCOP",
    "decimals": 18,
    "status": "active",
    "id": "0x1659fFb2d40DfB1671Ac226A0D9Dcc95A774521A",
    "links": [
        {
            "name": "twitter",
            "url": "https://twitter.com/MiDailyWallet"
        },
        {
            "name": "github",
            "url": "https://github.com/miDaily/Daily-COP"
        },
        {
            "name": "whitepaper",
            "url": "https://dlycrypto.com/wp-content/uploads/2022/01/Whitepaper-daily.pdf"
        },
        {
            "name": "coinmarketcap",
            "url": "https://coinmarketcap.com/currencies/daily-cop/"
        },
        {
            "name": "coingecko",
            "url": "https://coingecko.com/en/coins/daily-cop"
        }
    ],
    "tags": [
        "stablecoin"
    ]
}
