{
    "name": "Pax Gold",
    "type": "POLYGON",
    "symbol": "PAXG",
    "decimals": 18,
    "website": "https://paxos.com/paxgold",
    "description": "A digital token, backed by physical gold",
    "explorer": "https://polygonscan.com/token/0x553d3D295e0f695B9228246232eDF400ed3560B5",
    "status": "active",
    "id": "0x553d3D295e0f695B9228246232eDF400ed3560B5",
    "links": [
        {
            "name": "twitter",
            "url": "https://twitter.com/PaxosGlobal"
        },
        {
            "name": "facebook",
            "url": "https://facebook.com/paxosglobal/"
        }
    ],
    "tags": [
        "stablecoin"
    ]
}