{
    "name": "SushiToken (PoS)",
    "website": "https://sushi.com/",
    "description": "Sushi is the home of DeFi. Our community is building a comprehensive, decentralized trading platform for the future of finance.",
    "explorer": "https://polygonscan.com/token/0x0b3f868e0be5597d5db7feb59e1cadbb0fdda50a",
    "type": "POLYGON",
    "symbol": "SUSHI",
    "decimals": 18,
    "status": "active",
    "id": "0x0b3F868E0BE5597D5DB7fEB59E1CADBb0fdDa50a",
    "links": [
        {
            "name": "github",
            "url": "https://github.com/sushiswap"
        },
        {
            "name": "twitter",
            "url": "https://twitter.com/sushiswap"
        },
        {
            "name": "coinmarketcap",
            "url": "https://coinmarketcap.com/currencies/sushiswap/"
        },
        {
            "name": "coingecko",
            "url": "https://coingecko.com/en/coins/sushi/"
        }
    ]
}