{
    "name": "Cream USD Coin",
    "website": "https://app.cream.finance",
    "description": "C.R.E.A.M. bridges liquidity across underserved assets by providing algorithmic money markets to these underserved assets. Users can supply any supported assets and use these supplied assets as collateral to borrow any other supported assets. C.R.E.A.M. has launched on Ethereum and Binance Smart Chain.",
    "research": "https://docs.cream.finance",
    "explorer": "https://bscscan.com/token/0xD83C88DB3A6cA4a32FFf1603b0f7DDce01F5f727",
    "type": "BEP20",
    "symbol": "crUSDC",
    "decimals": 8,
    "status": "active",
    "id": "0xD83C88DB3A6cA4a32FFf1603b0f7DDce01F5f727",
    "links": [
        {
            "name": "github",
            "url": "https://github.com/CreamFi"
        },
        {
            "name": "twitter",
            "url": "https://twitter.com/CreamdotFinance"
        },
        {
            "name": "telegram",
            "url": "https://t.me/creamfinance"
        },
        {
            "name": "discord",
            "url": "https://discord.com/invite/8Ms25mV"
        },
        {
            "name": "medium",
            "url": "https://medium.com/@CreamdotFinance"
        }
    ]
}