{
    "name": "Wanaka Wai Token",
    "type": "BEP20",
    "symbol": "WAI",
    "decimals": 18,
    "website": "https://wanakafarm.com",
    "description": "Wanaka Farm aims to offer anNFT game where people can own their virtual lands, NFT items to plant, grow, harvest to relax and earn their crypto.",
    "explorer": "https://bscscan.com/token/0x934C9198582Bf2631128c5D4b051aacEF9a6224F",
    "status": "active",
    "id": "0x934C9198582Bf2631128c5D4b051aacEF9a6224F",
    "links": [
        {
            "name": "whitepaper",
            "url": "https://wanakafarm.com/papers/"
        },
        {
            "name": "telegram",
            "url": "https://t.me/WanakaOfficial"
        },
        {
            "name": "facebook",
            "url": "https://facebook.com/wanakafarmofficial"
        },
        {
            "name": "twitter",
            "url": "https://twitter.com/Wanaka_Farm"
        }
    ]
}