{
    "name": "Tiny Coin",
    "type": "BEP20",
    "symbol": "TINC",
    "decimals": 18,
    "website": "https://tinyworlds.io/",
    "description": "Tiny World is a fully trading game universe based on historical legends from across the globe. It combines P2E and DAO governance with quality gameplay.",
    "explorer": "https://bscscan.com/token/0x05aD6E30A855BE07AfA57e08a4f30d00810a402e",
    "status": "active",
    "id": "0x05aD6E30A855BE07AfA57e08a4f30d00810a402e",
    "links": [
        {
            "name": "twitter",
            "url": "https://twitter.com/tinyworldgamefi"
        },
        {
            "name": "telegram",
            "url": "https://t.me/tinyworld_en"
        },
        {
            "name": "docs",
            "url": "https://docs.tinyworlds.io/"
        },
        {
            "name": "medium",
            "url": "https://medium.com/@tinyworld.gamefi"
        },
        {
            "name": "youtube",
            "url": "https://youtube.com/channel/UCmm9JeIkqes3sS6NZ2YGA0w?sub_confirmation=1"
        },
        {
            "name": "coinmarketcap",
            "url": "https://coinmarketcap.com/currencies/tiny-coin/"
        },
        {
            "name": "coingecko",
            "url": "https://coingecko.com/en/coins/tiny-coin"
        }
    ],
    "tags": [
        "gamefi"
    ]
}