{
    "name": "Kebab Token",
    "website": "https://kebabfinance.com",
    "description": "The strategically superior yield farming community on BSC.",
    "explorer": "https://bscscan.com/token/0x7979F6C54ebA05E18Ded44C4F986F49a5De551c2",
    "type": "BEP20",
    "symbol": "KEBAB",
    "decimals": 18,
    "status": "active",
    "id": "0x7979F6C54ebA05E18Ded44C4F986F49a5De551c2",
    "links": [
        {
            "name": "github",
            "url": "https://github.com/chefkebab"
        },
        {
            "name": "twitter",
            "url": "https://twitter.com/kebabfinance"
        },
        {
            "name": "telegram",
            "url": "https://t.me/kebabfinance"
        },
        {
            "name": "medium",
            "url": "https://kebabfinance1.medium.com/"
        }
    ]
}