{
    "name": "PEAR DAO",
    "website": "https://peardao.io/",
    "description": "Pear is a non-custodial marketplace governed by the community-driven DAO that facilitates the trading of all things tradable against on-chain assets.",
    "explorer": "https://bscscan.com/token/0x6a0b66710567b6beb81A71F7e9466450a91a384b",
    "type": "BEP20",
    "symbol": "PEX",
    "decimals": 18,
    "status": "active",
    "id": "0x6a0b66710567b6beb81A71F7e9466450a91a384b",
    "links": [
        {
            "name": "whitepaper",
            "url": "https://peardao.io/whitepaper"
        },
        {
            "name": "twitter",
            "url": "https://twitter.com/officialpeardao"
        },
        {
            "name": "telegram",
            "url": "https://t.me/peardaoEN"
        },
        {
            "name": "medium",
            "url": "https://officialpeardao.medium.com"
        }
    ],
    "tags": [
        "defi",
        "staking"
    ]
}
