{
    "name": "LFG Token",
    "symbol": "LFG",
    "type": "BEP20",
    "decimals": 18,
    "description": "Gamerse is the LFG (“Looking For Group”) platform for the entire NFT gaming industry, and we will be around for gamers of all shades and hues, no matter which title holds the #1 spot.",
    "website": "https://www.gamerse.network",
    "explorer": "https://bscscan.com/token/0x960a69e979d2f507e80121f41d984ea8ad83cd76",
    "status": "active",
    "id": "0x960a69E979d2F507E80121f41d984Ea8aD83cD76",
    "links": [
        {
            "name": "twitter",
            "url": "https://twitter.com/Gamersenft"
        },
        {
            "name": "telegram",
            "url": "https://t.me/gamersecommunity"
        },
        {
            "name": "discord",
            "url": "https://discord.com/invite/SVAXQ7rNrp"
        },
        {
            "name": "coinmarketcap",
            "url": "https://coinmarketcap.com/currencies/gamerse/"
        },
        {
            "name": "coingecko",
            "url": "https://coingecko.com/en/coins/gamerse"
        },
        {
            "name": "whitepaper",
            "url": "https://gamerse.gitbook.io/gamerse/"
        },
        {
            "name": "medium",
            "url": "https://gamerse.medium.com/"
        }
    ]
}