{
    "name": "SpookyShiba",
    "type": "BEP20",
    "symbol": "SPKY",
    "decimals": 18,
    "website": "https://SpookyShibaBSC.com",
    "description": "SpookyShiba is an E-Sports company and meme token with a unique multiplayer game with an integrated NFT marketplace.",
    "explorer": "https://bscscan.com/token/0x9c2B1B3780A8B36B695f0b2781668664aC1Bf25A",
    "status": "active",
    "id": "0x9c2B1B3780A8B36B695f0b2781668664aC1Bf25A",
    "links": [
        {
            "name": "twitter",
            "url": "https://twitter.com/ShibaSpooky"
        },
        {
            "name": "coinmarketcap",
            "url": "https://coinmarketcap.com/currencies/spooky-shiba/"
        },
        {
            "name": "coingecko",
            "url": "https://coingecko.com/coins/spookyshiba"
        },
        {
            "name": "telegram",
            "url": "https://t.me/SpookyShibaOfficial"
        },
        {
            "name": "discord",
            "url": "https://discord.com/P6hkCFc5kR"
        },
        {
            "name": "telegram_news",
            "url": "https://t.me/SpookyShibaNewsChannel"
        }
    ],
    "tags": [
        "gamefi",
        "memes"
    ]
} 