{
    "name": "DFYN Token (PoS)",
    "website": "https://dfyn.network/",
    "description": "The DFYN token, will perform a crucial role in the functioning of the Dfyn ecosystem. The DFYN token is expected to have multiple utilities.",
    "explorer": "https://polygonscan.com/token/0xc168e40227e4ebd8c1cae80f7a55a4f0e6d66c97",
    "type": "POLYGON",
    "symbol": "DFYN",
    "decimals": 18,
    "status": "active",
    "id": "0xC168E40227E4ebD8C1caE80F7a55a4F0e6D66C97",
    "links": [
        {
            "name": "github",
            "url": "https://github.com/dfyn"
        },
        {
            "name": "twitter",
            "url": "https://twitter.com/_dfyn"
        },
        {
            "name": "telegram",
            "url": "https://t.me/Dfyn_HQ"
        },
        {
            "name": "coinmarketcap",
            "url": "https://coinmarketcap.com/currencies/dfyn-network/"
        }
    ]
}