{
    "name": "The Force Token",
    "website": "https://for.tube/",
    "description": "FOR is the ecological token of ForTube. ForTube transfers the power of community autonomy to FOR holders as much as possible through FOR to promote the realization of decentralized governance.",
    "explorer": "https://bscscan.com/token/0x658a109c5900bc6d2357c87549b651670e5b0539",
    "type": "BEP20",
    "symbol": "FOR",
    "decimals": 18,
    "status": "active",
    "id": "0x658A109C5900BC6d2357c87549B651670E5b0539",
    "links": [
        {
            "name": "github",
            "url": "https://github.com/thefortube"
        },
        {
            "name": "twitter",
            "url": "https://twitter.com/ForTubeFi"
        },
        {
            "name": "reddit",
            "url": "https://reddit.com/r/The_Force_Protocol/"
        },
        {
            "name": "telegram",
            "url": "https://t.me/ForTubeFi"
        }
    ]
}