{
    "name": "LINA",
    "website": "https://linear.finance",
    "description": "Linear Finance is a cross-chain compatible, decentralized delta-one asset protocol to cost-effectively and instantly create, manage, and trade synthetic assets with unlimited liquidity",
    "explorer": "https://bscscan.com/token/0x762539b45a1dcce3d36d080f74d1aed37844b878",
    "type": "BEP20",
    "symbol": "LINA",
    "decimals": 18,
    "status": "active",
    "id": "0x762539b45A1dCcE3D36d080F74d1AED37844b878",
    "links": [
        {
            "name": "github",
            "url": "https://github.com/Linear-finance/linear"
        },
        {
            "name": "twitter",
            "url": "https://twitter.com/LinearFinance"
        },
        {
            "name": "telegram",
            "url": "https://t.me/linearfinanceofficial"
        },
        {
            "name": "coinmarketcap",
            "url": "https://coinmarketcap.com/currencies/linear/"
        },
        {
            "name": "coingecko",
            "url": "https://coingecko.com/en/coins/linear-bsc/"
        }
    ]
}