{
    "name": "PumpETH",
    "website": "https://pumpeth.com",
    "description": "Rebase Token that offers some Utility (dApps) and also rewards 4% all the holders with BEP20 ETH",
    "explorer": "https://bscscan.com/token/0x2e74ee4fc4466d0883ef5e12a0ce344bfe15be8d",
    "type": "BEP20",
    "symbol": "PETH",
    "decimals": 9,
    "status": "active",
    "id": "0x2e74Ee4fc4466d0883eF5E12A0Ce344BFe15BE8D",
    "links": [
        {
            "name": "twitter",
            "url": "https://twitter.com/PumpETHToken"
        },
        {
            "name": "coinmarketcap",
            "url": "https://coinmarketcap.com/currencies/pumpeth/"
        },
        {
            "name": "coingecko",
            "url": "https://coingecko.com/en/coins/pumpeth"
        }
    ]
} 
