{
    "name": "Snovio",
    "symbol": "SNOV",
    "type": "ERC20",
    "decimals": 18,
    "description": "Snovian.Space is a decentralized reward based social networking platform. Snovian.Space is designed specifically for professionals in crypto, tech, and other niches. Users can contact each other via messages, that the recipients read and answer, incentivized by a crypto reward for their time and expertise.",
    "website": "https://snovian.space/",
    "explorer": "https://etherscan.io/token/0xBDC5bAC39Dbe132B1E030e898aE3830017D7d969",
    "status": "active",
    "id": "0xBDC5bAC39Dbe132B1E030e898aE3830017D7d969"
}