{
    "name": "Coinerr",
    "website": "https://coinerr.io",
    "description": "Coinerr make your payments easierr, make your world betterr, make your shopping saferr.",
    "explorer": "https://polygonscan.com/token/0xfb32513135e3267995268e3099d2b6114d20b6ed",
    "type": "POLYGON",
    "symbol": "ERR",
    "decimals": 9,
    "status": "active",
    "id": "0xFB32513135e3267995268E3099d2B6114d20B6eD",
    "links": [
        {
            "name": "twitter",
            "url": "https://twitter.com/coinerr_err"
        },
        {
            "name": "telegram",
            "url": "https://t.me/coinerr_ERR"
        },
        {
            "name": "whitepaper",
            "url": "https://coinerr.io/papers/whitepaper.pdf"
        },
        {
            "name": "medium",
            "url": "https://coinerr.medium.com/"
        },
        {
            "name": "coinmarketcap",
            "url": "https://coinmarketcap.com/currencies/coinerr/"
        }
    ],
    "tags": [
        "defi"
    ]
} 
