{
    "name": "DeVolution",
    "type": "BEP20",
    "symbol": "DEVO",
    "decimals": 18,
    "website": "https://www.devolution-world.com",
    "description": "Devolution is an NFT based game. You can collect, earn, win and trade your NFTs while playing and socializing with your friends.",
    "explorer": "https://bscscan.com/token/0x0FD98b8C58560167A236f1D0553A9c2a42342ccf",
    "status": "active",
    "id": "0x0FD98b8C58560167A236f1D0553A9c2a42342ccf",
    "links": [
        {
            "name": "twitter",
            "url": "https://twitter.com/Game_Devolution"
        },
        {
            "name": "telegram",
            "url": "https://t.me/devolutionofficial"
        },
        {
            "name": "coingecko",
            "url": "https://coingecko.com/en/coins/devolution"
        },
        {
            "name": "coinmarketcap",
            "url": "https://coinmarketcap.com/currencies/devolution/"
        }
    ]
}