{
    "name": "Frog Inu",
    "type": "BEP20",
    "symbol": "FGI",
    "decimals": 9,
    "website": "https://froginu.io/",
    "description": "Frog Inu is a meme token that only rewards investors for holding, the number of rewards received will increase over time if investors hold them longer. We are the safest place for long- and short-term investors in the meme category.",
    "explorer": "https://bscscan.com/token/0xE5c355c993dE69C06b5DD1A0c9a2c39b4Cde5511",
    "status": "active",
    "id": "0xE5c355c993dE69C06b5DD1A0c9a2c39b4Cde5511",
    "links": [
        {
            "name": "twitter",
            "url": "https://twitter.com/Froginutoken"
        },
        {
            "name": "telegram",
            "url": "https://t.me/FrogInuOfficial"
        }
    ],
    "tags": [
        "memes"
    ]
}