{
    "name": "BEAR",
    "type": "BEP20",
    "symbol": "BEAR",
    "decimals": 18,
    "website": "https://bear.honeyfarm.finance",
    "description": "A Native Token of HoneyFarm Finance Layer 2, HoneyBear",
    "explorer": "https://bscscan.com/token/0xc3EAE9b061Aa0e1B9BD3436080Dc57D2d63FEdc1",
    "status": "active",
    "id": "0xc3EAE9b061Aa0e1B9BD3436080Dc57D2d63FEdc1",
    "links": [
        {
            "name": "twitter",
            "url": "https://twitter.com/HoneyFarmFi"
        },
        {
            "name": "github",
            "url": "https://github.com/HoneyFarmFi/HoneyFarmContracts"
        },
        {
            "name": "telegram",
            "url": "https://t.me/HoneyFarmChat"
        },
        {
            "name": "telegram_news",
            "url": "https://t.me/HoneyFarmAnn"
        },
        {
            "name": "blog",
            "url": "https://medium.com/@honeyfarmchef"
        },
        {
            "name": "docs",
            "url": "https://docs.honeyfarm.finance/"
        }
    ]
}