{
    "name": "xDitto",
    "website": "https://ditto.money",
    "description": "xDitto is a secondary, non-rebasing asset that backs the Ditto elastic supply token.",
    "explorer": "https://bscscan.com/token/0xB0a1DE764A033A76f28E821fBe402EDBFEe937dB",
    "type": "BEP20",
    "symbol": "XDITTO",
    "decimals": 18,
    "status": "active",
    "id": "0xB0a1DE764A033A76f28E821fBe402EDBFEe937dB",
    "links": [
        {
            "name": "github",
            "url": "https://github.com/ditto-money/"
        },
        {
            "name": "twitter",
            "url": "https://twitter.com/dittomoney_"
        }
    ]
}