{
    "name": "GIGA BLOCK",
    "type": "BEP20",
    "symbol": "GIGA",
    "decimals": 18,
    "website": "http://gigablocks.org/",
    "description": "BLOCKCHAIN",
    "explorer": "https://bscscan.com/token/0x8397Eb3EC07615cE88ff854d08e9E27B5155128b",
    "status": "active",
    "id": "0x8397Eb3EC07615cE88ff854d08e9E27B5155128b",
    "links": [
        {
            "name": "telegram",
            "url": "https://t.me/OfficialGIGA"
        },
        {
            "name": "github",
            "url": "https://github.com/Gigablocks"
        }
    ],
    "tags": [
        "staking",
        "deflationary"
    ]
}
