{
    "name": "yffc.finance",
    "website": "https://yffc.finance/",
    "description": "YFFC is active now with the currently products what are launching like STAKE, FARM, GOVERNANCE, and other products are coming. With GOVERNANCE, YFFC will be a community-governed Automated Market Maker, focused on safety and value capture for the robust community of YFFC hodlers. The YFFC platform is packed with unique features aimed at addressing the pain points faced by DEFI of our time",
    "explorer": "https://etherscan.io/token/0xea004e8FA3701B8E58E41b78D50996e0f7176CbD",
    "type": "ERC20",
    "symbol": "YFFC",
    "decimals": 18,
    "status": "active",
    "id": "0xea004e8FA3701B8E58E41b78D50996e0f7176CbD",
    "links": [
        {
            "name": "github",
            "url": "https://github.com/yffcfinance"
        },
        {
            "name": "twitter",
            "url": "https://twitter.com/yffc_finance"
        },
        {
            "name": "telegram",
            "url": "https://t.me/yffcfinance"
        },
        {
            "name": "medium",
            "url": "https://medium.com/@yffc.finance"
        }
    ]
}