{
    "name": "MINIDOG TOKEN",
    "website": "https://minidog.finance",
    "description": "The World’s first Auto-Boost, Super Hyper Deflationary Coin is here! MiniDog is on a mission to help lost and horny animals find their way to the nearest animal shelter",
    "explorer": "https://bscscan.com/token/0x57282282A6CbD3658576883eB6674e339609c714",
    "type": "BEP20",
    "symbol": "TINIDAWG",
    "decimals": 9,
    "status": "active",
    "id": "0x57282282A6CbD3658576883eB6674e339609c714"
}