{
    "name": "Galaxy Goggle",
    "website": "https://app.galaxygoggle.money",
    "description": "Galaxy Goggle DAO is a decentralized reserve currency protocol based on the GG token. Each GG token is backed by a basket of assets (e.g. MIM, AVAX) in the collateral pool, giving it an intrinsic value that it cannot fall below. GGDAO also introduces economic and game-theoretic dynamics into the market through staking and minting.",
    "explorer": "https://bscscan.com/token/0xcAf23964Ca8db16D816eB314a56789F58fE0e10e",
    "type": "BEP20",
    "symbol": "GG",
    "decimals": 9,
    "status": "active",
    "id": "0xcAf23964Ca8db16D816eB314a56789F58fE0e10e",
    "links": [
        {
            "name": "github",
            "url": "https://github.com/GalaxyGoggle"
        },
        {
            "name": "twitter",
            "url": "https://twitter.com/galaxygoggledao"
        },
        {
            "name": "telegram",
            "url": "https://t.me/ApeX_Token"
        },
        {
            "name": "coinmarketcap",
            "url": "https://coinmarketcap.com/currencies/galaxygoggle-dao/"
        },
        {
            "name": "coingecko",
            "url": "https://coingecko.com/coins/galaxygoogle-dao"
        }
    ]
}
