{
    "name": "Measurable Data Token",
    "website": "http://mdt.io",
    "description": "Measurable Data Token (MDT) aims to provide a decentralized data economy, where data providers and data buyers can exchange data securely and anonymously.",
    "explorer": "https://etherscan.io/token/0x814e0908b12A99FeCf5BC101bB5d0b8B5cDf7d26",
    "research": "https://research.binance.com/en/projects/measurable-data-token",
    "type": "ERC20",
    "symbol": "MDT",
    "decimals": 18,
    "status": "active",
    "id": "0x814e0908b12A99FeCf5BC101bB5d0b8B5cDf7d26"
}