{
    "name": "Crypto.com Coin",
    "website": "https://crypto.com/",
    "description": "The most profitable and secure platform to entrust your digital assets. Absolutely safe with multi-layer encrypted protection.",
    "explorer": "https://polygonscan.com/token/0xAdA58DF0F643D959C2A47c9D4d4c1a4deFe3F11C",
    "type": "POLYGON",
    "symbol": "CRO",
    "decimals": 8,
    "status": "active",
    "id": "0xAdA58DF0F643D959C2A47c9D4d4c1a4deFe3F11C",
    "links": [
        {
            "name": "twitter",
            "url": "https://twitter.com/cryptocom"
        },
        {
            "name": "facebook",
            "url": "https://facebook.com/CryptoComOfficial"
        },
        {
            "name": "telegram",
            "url": "https://t.me/CryptoComOfficial"
        },
        {
            "name": "coinmarketcap",
            "url": "https://coinmarketcap.com/currencies/crypto-com-chain/"
        },
        {
            "name": "coingecko",
            "url": "https://coingecko.com/en/coins/crypto-com-chain/"
        }
    ]
}