{
    "name": "Aidi Finance",
    "website": "https://aidiverse.com",
    "description": "AIDI is an ERC20 token, 100% decentralized, and the first token of the Aidiverse ecosystem. We are bringing together complete Decentralised Finance solutions and integrating them with Blockchain gaming and NFTs.",
    "explorer": "https://etherscan.io/token/0xdA1E53E088023Fe4D1DC5a418581748f52CBd1b8",
    "type": "ERC20",
    "symbol": "AIDI",
    "decimals": 9,
    "status": "active",
    "id": "0xdA1E53E088023Fe4D1DC5a418581748f52CBd1b8",
    "links": [
        {
            "name": "twitter",
            "url": "https://twitter.com/AidiToken"
        },
        {
            "name": "github",
            "url": "https://github.com/AidiFinance/Aidiverse-Contracts"
        },
        {
            "name": "telegram",
            "url": "https://t.me/aidi_official"
        },
        {
            "name": "coingecko",
            "url": "https://coingecko.com/en/coins/aidi-inu/"
        }
    ]
}