{
    "name": "Flag Network",
    "type": "BEP20",
    "symbol": "FLAG",
    "decimals": 18,
    "website": "https://flagnetwork.finance/",
    "description": "FLAG - a decentralized blockchain network of the world-scale for NFT, Gamfi, Metaverse, Web3 applications.",
    "explorer": "https://bscscan.com/token/0xa5496935A247fA81B1462E553ad139d2FD0af795",
    "status": "active",
    "id": "0xa5496935A247fA81B1462E553ad139d2FD0af795",
    "links": [
        {
            "name": "twitter",
            "url": "https://twitter.com/flagnetwork_NFT"
        },
        {
            "name": "telegram",
            "url": "https://t.me/flagnetworkchat"
        },
        {
            "name": "telegram_news",
            "url": "https://t.me/flagnetworknews"
        },
        {
            "name": "docs",
            "url": "https://docs.flagnetwork.finance/"
        },
        {
            "name": "coinmarketcap",
            "url": "https://coinmarketcap.com/currencies/flag-network/"
        },
        {
            "name": "coingecko",
            "url": "https://coingecko.com/coins/flag-network"
        },
        {
            "name": "youtube",
            "url": "https://youtube.com/channel/UCVKueYhTBYuE60-HSX09xnQ"
        },
        {
            "name": "medium",
            "url": "https://medium.com/@Flag_Network"
        },
        {
            "name": "facebook",
            "url": "https://facebook.com/Flag-Network-105491488596621"
        }
    ],
    "tags": [
        "nft"
    ]
}
