{
    "name": "PandaInuWalletToken",
    "website": "https://pandainu.io",
    "description": "PandaInu is a meme-based token & Defi Wallets",
    "explorer": "https://bscscan.com/token/0xf3eDD4f14a018df4b6f02Bf1b2cF17A8120519A2",
    "type": "BEP20",
    "symbol": "PWT",
    "decimals": 8,
    "status": "active",
    "id": "0xf3eDD4f14a018df4b6f02Bf1b2cF17A8120519A2",
    "links": [
        {
            "name": "reddit",
            "url": "https://reddit.com/user/Pandainu_official"
        },
        {
            "name": "medium",
            "url": "https://pandainu.medium.com/"
        },
        {
            "name": "twitter",
            "url": "https://twitter.com/Pandainu21"
        },
        {
            "name": "facebook",
            "url": "https://facebook.com/pandainutoken/"
        }
    ]
}