{
    "name": "Baby Pig Token",
    "website": "https://www.babypig.org",
    "description": "A token launched for the NFT community, with the spirit of predecessor Pig Token.",
    "explorer": "https://bscscan.com/token/0x7b0b4C304B9149B692c1Acbc9dB4F4a1c17B2B91",
    "type": "BEP20",
    "symbol": "BabyPig",
    "decimals": 9,
    "status": "active",
    "id": "0x7b0b4C304B9149B692c1Acbc9dB4F4a1c17B2B91",
    "links": [
        {
            "name": "twitter",
            "url": "https://twitter.com/BabyPigToken/status/1402976455219310602?s=24"
        },
        {
            "name": "telegram",
            "url": "https://t.me/joinchat/QQRxmiTXZZ8wNTdl"
        }
    ]
}