{
    "name": "Pige Inu",
    "type": "BEP20",
    "symbol": "PINU",
    "decimals": 9,
    "website": "https://pigeinu.io/#",
    "description": "PIGE INU is a fully decentralized and community driven project, our contract is fully renounced Liquidity pool burned or locked forever",
    "explorer": "https://bscscan.com/token/0x1FDB2c3851D067502Ce2122bE80a41ea212949E2",
    "status": "active",
    "id": "0x1FDB2c3851D067502Ce2122bE80a41ea212949E2",
    "links": [
        {
            "name": "twitter",
            "url": "https://twitter.com/PigeInu"
        },
        {
            "name": "github",
            "url": "https://github.com/PigeInu/"
        },
        {
            "name": "telegram",
            "url": "https://t.me/pigeinu"
        },
        {
            "name": "blog",
            "url": "https://medium.com/@pigeinubsc"
        },
        {
            "name": "whitepaper",
            "url": "https://pigeinu.io/PigeWP.pdf"
        },
        {
            "name": "medium",
            "url": "https://medium.com/@pigeinubsc"
        },
        {
            "name": "coinmarketcap",
            "url": "https://coinmarketcap.com/currencies/pige-inu/"
        },
        {
            "name": "coingecko",
            "url": "https://coingecko.com/coins/pige-inu"
        },
        {
            "name": "youtube",
            "url": "https://youtube.com/channel/UCM3UyEcna3hk2m_lftbiXOA"
        }
    ],
    "tags": [
        "nft"
    ]
}
