{
    "name": "J9CASINO",
    "type": "BEP20",
    "symbol": "J9BC",
    "decimals": 2,
    "website": "https://j9.io/about-j9bc",
    "description": "J9BC is a digital currency issued by J9 Inter-national (J9.io) based on BSC Binance Smart Chain, with features of decentralization, anonymous transaction and security.",
    "explorer": "https://bscscan.com/token/0x8dcff5ba47aa24cfeb73a2262b7cd6d18739600c",
    "status": "active",
    "id": "0x8Dcff5Ba47aa24CFEb73A2262b7cD6D18739600c",
    "links": [
        {
            "name": "coingecko",
            "url": "https://coingecko.com/coins/j9casino"
        },
        {
            "name": "telegram",
            "url": "https://t.me/j9token918"
        }
    ],
    "tags": [
        "stablecoin"
    ]
}
