{
    "name": "Binance-Peg ChainLink",
    "website": "https://chain.link",
    "description": "Binance-Peg ChainLink (LINK BEP20) is a token issued by Binance on Smart Chain; its price is pegged to ChainLink (LINK ERC20) at a ratio of 1:1.",
    "explorer": "https://bscscan.com/token/0xF8A0BF9cF54Bb92F17374d9e9A321E6a111a51bD",
    "research": "https://research.binance.com/en/projects/chainlink",
    "type": "BEP20",
    "symbol": "LINK",
    "decimals": 18,
    "status": "active",
    "id": "0xF8A0BF9cF54Bb92F17374d9e9A321E6a111a51bD",
    "tags": [
        "binance-peg",
        "defi"
    ]
}