{
    "name": "Pegaxy",
    "symbol": "PGX",
    "type": "POLYGON",
    "decimals": 18,
    "description": "Pegaxy Game Native Governance Token",
    "website": "https://pegaxy.io",
    "explorer": "https://polygonscan.com/token/0xc1c93D475dc82Fe72DBC7074d55f5a734F8cEEAE",
    "status": "active",
    "id": "0xc1c93D475dc82Fe72DBC7074d55f5a734F8cEEAE",
    "links": [
        {
            "name": "twitter",
            "url": "https://twitter.com/PegaxyOfficial"
        },
        {
            "name": "github",
            "url": "https://github.com/Pegaxy"
        },
        {
            "name": "telegram",
            "url": "https://t.me/pegaxyglobal"
        },
        {
            "name": "coinmarketcap",
            "url": "https://coinmarketcap.com/currencies/pegaxy/"
        },
        {
            "name": "coingecko",
            "url": "https://coingecko.com/en/coins/pegaxy-stone"
        }
    ]
}