{
    "name": "YFIONE",
    "website": "https://yfione.org/",
    "description": "YFiONE explores the systematic production of new Defi products and will help develop, market and launch these Defi products to help it develop its biology and provide ideal benefits for community projects and users.",
    "explorer": "https://bscscan.com/token/0xac0c8da4a4748d8d821a0973d00b157aa78c473d",
    "type": "BEP20",
    "symbol": "YFO",
    "decimals": 18,
    "status": "active",
    "id": "0xAc0C8dA4A4748d8d821A0973d00b157aA78C473D",
    "links": [
        {
            "name": "github",
            "url": "https://github.com/YFI-ONE"
        },
        {
            "name": "twitter",
            "url": "https://twitter.com/yfione"
        },
        {
            "name": "telegram",
            "url": "https://t.me/YFI_ONE"
        }
    ]
}