{
    "name": "Cashaa Token",
    "type": "BEP20",
    "symbol": "CAS",
    "decimals": 18,
    "website": "https://cashaa.com",
    "description": "Cashaa is a global banking solution for the crypto industry. It’s the world’s first banking platform that enables the seamless transaction of both fiat and crypto from the one account dashboard.",
    "explorer": "https://bscscan.com/token/0x780207B8C0Fdc32cF60E957415bFa1f2d4d9718c",
    "status": "active",
    "id": "0x780207B8C0Fdc32cF60E957415bFa1f2d4d9718c",
    "links": [
        {
            "name": "twitter",
            "url": "https://twitter.com/yourcashaa"
        },
        {
            "name": "telegram",
            "url": "https://t.me/cashaaltd"
        },
        {
            "name": "medium",
            "url": "https://medium.com/cashaa/"
        }
    ]
}