{
    "name": "METARACA",
    "website": "https://metaraca.io",
    "description": "Metarverse + Raca = MetaRaca, a collection of puppies in the form of NFTs. We're a dedicated team that want to build something for the crypto community in general and the $RACA lovers in particular.",
    "explorer": "https://bscscan.com/token/0x63eC19c2983bfB0D43232aa9C792Fe6F27F63361",
    "type": "BEP20",
    "symbol": "METAR",
    "decimals": 18,
    "status": "active",
    "id": "0x63eC19c2983bfB0D43232aa9C792Fe6F27F63361",
    "links": [
        {
            "name": "twitter",
            "url": "https://twitter.com/metaracaNFT"
        },
        {
            "name": "telegram",
            "url": "https://t.me/metaracaio"
        }
    ]
}