{
    "name": "Million",
    "website": "https://milliontoken.org",
    "description": "Million is a digital currency with 1,000,000 total supply. https://milliontoken.org",
    "explorer": "https://polygonscan.com/token/0x5647Fe4281F8F6F01E84BCE775AD4b828A7b8927",
    "type": "POLYGON",
    "symbol": "MM",
    "decimals": 18,
    "status": "active",
    "id": "0x5647Fe4281F8F6F01E84BCE775AD4b828A7b8927",
    "links": [
        {
            "name": "discord",
            "url": "https://discord.com/invite/million"
        },
        {
            "name": "telegram",
            "url": "https://t.me/millionjacuzzibar"
        },
        {
            "name": "reddit",
            "url": "https://reddit.com/r/milliontoken/"
        },
        {
            "name": "twitter",
            "url": "https://twitter.com/Million__Token"
        },
        {
            "name": "facebook",
            "url": "https://facebook.com/groups/milliontoken"
        },
        {
            "name": "coinmarketcap",
            "url": "https://coinmarketcap.com/currencies/million/"
        },
        {
            "name": "coingecko",
            "url": "https://coingecko.com/en/coins/million"
        }
    ]
}