{
    "name": "Badger",
    "website": "https://badger.finance/",
    "description": "DAO dedicated to building products and infrastructure to bring Bitcoin to DeFi.",
    "explorer": "https://etherscan.io/token/0x3472A5A71965499acd81997a54BBA8D852C6E53d",
    "type": "ERC20",
    "symbol": "BADGER",
    "decimals": 18,
    "status": "active",
    "id": "0x3472A5A71965499acd81997a54BBA8D852C6E53d",
    "tags": [
        "defi",
        "governance"
    ],
    "links": [
        {
            "name": "twitter",
            "url": "https://twitter.com/$BADGER"
        },
        {
            "name": "discord",
            "url": "https://discord.com/invite/xSPFHHS"
        },
        {
            "name": "medium",
            "url": "https://badgerdao.medium.com/"
        }
    ]
}