{
    "name": "IRON Titanium Token",
    "symbol": "TITAN",
    "type": "POLYGON",
    "decimals": 18,
    "description": "Multi-chain Partial-Collateralized Stablecoin",
    "website": "https://polygon.iron.finance",
    "explorer": "https://polygonscan.com/token/0xaAa5B9e6c589642f98a1cDA99B9D024B8407285A",
    "status": "active",
    "id": "0xaAa5B9e6c589642f98a1cDA99B9D024B8407285A",
    "links": [
        {
            "name": "twitter",
            "url": "https://twitter.com/ironfinance"
        },
        {
            "name": "github",
            "url": "https://github.com/ironfinance"
        },
        {
            "name": "telegram",
            "url": "https://t.me/ironfinance"
        },
        {
            "name": "coinmarketcap",
            "url": "https://coinmarketcap.com/currencies/iron-titanium-token/"
        },
        {
            "name": "coingecko",
            "url": "https://coingecko.com/en/coins/iron-titanium-token/"
        }
    ]
}