{
    "name": "Shirtum",
    "type": "BEP20",
    "symbol": "SHI",
    "decimals": 18,
    "website": "https://shirtum.com",
    "description": "Global marketplace of digital assets, for Players and Clubs to share their stories with fans and invite them to join in collecting digital sports memorabilia directly from their idols.",
    "explorer": "https://bscscan.com/token/0x7269d98Af4aA705e0B1A5D8512FadB4d45817d5a",
    "status": "active",
    "id": "0x7269d98Af4aA705e0B1A5D8512FadB4d45817d5a",
    "links": [
        {
            "name": "twitter",
            "url": "https://twitter.com/shirtumapp"
        },
        {
            "name": "github",
            "url": "https://github.com/Shirtum"
        },
        {
            "name": "telegram",
            "url": "https://t.me/shirtum"
        },
        {
            "name": "coingecko",
            "url": "https://coingecko.com/es/monedas/shirtum"
        }
    ]
}