{
    "name": "miMATIC",
    "website": "https://www.mai.finance/",
    "description": "MAI (miMatic) is a stablecoin backed by collateral, and can only be minted with this collateral backing it. MAI is soft pegged to the USD, meaning that 1 MAI is around 1 USD.",
    "explorer": "https://polygonscan.com/token/0xa3fa99a148fa48d14ed51d610c367c61876997f1",
    "type": "POLYGON",
    "symbol": "miMATIC",
    "decimals": 18,
    "status": "active",
    "id": "0xa3Fa99A148fA48D14Ed51d610c367C61876997F1",
    "links": [
        {
            "name": "coingecko",
            "url": "https://coingecko.com/en/coins/mimatic/"
        },
        {
            "name": "twitter",
            "url": "https://twitter.com/0xLaoZi"
        },
        {
            "name": "discord",
            "url": "https://discord.com/invite/mQq55j65xJ"
        },
        {
            "name": "medium",
            "url": "https://0xlaozi.medium.com/"
        }
    ]
}