{
    "name": "Qi Dao",
    "website": "https://www.mai.finance/",
    "description": "Qi (pronounced CHEE) is the governance token of the QiDao Protocol. It allows those who hold it to vote on changes to the QiDao Protocol.",
    "explorer": "https://polygonscan.com/token/0x580a84c73811e1839f75d86d75d88cca0c241ff4",
    "type": "POLYGON",
    "symbol": "QI",
    "decimals": 18,
    "status": "active",
    "id": "0x580A84C73811E1839F75d86d75d88cCa0c241fF4",
    "links": [
        {
            "name": "discord",
            "url": "https://discord.com/invite/mQq55j65xJ"
        },
        {
            "name": "twitter",
            "url": "https://twitter.com/0xLaoZi"
        },
        {
            "name": "coingecko",
            "url": "https://coingecko.com/en/coins/qi-dao/"
        },
        {
            "name": "medium",
            "url": "https://0xlaozi.medium.com/"
        }
    ]
}