{
    "name": "UnMarshal",
    "symbol": "MARSH",
    "type": "ERC20",
    "decimals": 18,
    "description": "Unmarshal is a Multi-chain DeFi network of indexers that provides seamless access to Blockchain data for DeFi applications. We provide rich, meaningful, and reliable access to data through our decentralized network nodes.",
    "website": "https://unmarshal.io/",
    "explorer": "https://etherscan.io/token/0x5a666c7d92E5fA7Edcb6390E4efD6d0CDd69cF37",
    "status": "active",
    "id": "0x5a666c7d92E5fA7Edcb6390E4efD6d0CDd69cF37"
}