{
    "name": "Reef",
    "website": "https://reef.finance",
    "description": "Reef Finance is a multi-chain smart yield engine and liquidity aggregator where any DeFi protocol can integrate into.",
    "explorer": "https://etherscan.io/token/0xfe3e6a25e6b192a42a44ecddcd13796471735acf",
    "research": "https://research.binance.com/en/projects/reef-finance",
    "type": "ERC20",
    "symbol": "REEF",
    "decimals": 18,
    "status": "active",
    "id": "0xFE3E6a25e6b192A42a44ecDDCd13796471735ACf",
    "links": [
        {
            "name": "twitter",
            "url": "https://twitter.com/ReefDeFi"
        },
        {
            "name": "telegram",
            "url": "https://t.me/reefdefi"
        },
        {
            "name": "coingecko",
            "url": "https://coingecko.com/en/coins/reef-finance/"
        },
        {
            "name": "coinmarketcap",
            "url": "https://coinmarketcap.com/currencies/reef/"
        }
    ]
}