{
    "name": "SnowgeCoin",
    "type": "BEP20",
    "symbol": "SNOWGE",
    "decimals": 9,
    "website": "https://snowge.xyz",
    "description": "SnowgeCoin is a community owned, floofy doggo-themed Safemoon fork that functions as a deflationary auto-staking currency, with a randomized transaction fee of: 2%, 4%, 6% or 8%. Half of each fee is reflected back to holders, and the other half is added to the BNB/Snowge Liquidity Pool.",
    "explorer": "https://bscscan.com/token/0x5E9280d53F28281Ce098C8F64e49F5f5DC9Ea185",
    "status": "active",
    "id": "0x5E9280d53F28281Ce098C8F64e49F5f5DC9Ea185"
}