{
    "name": "BabyShark",
    "type": "BEP20",
    "symbol": "SHARK",
    "decimals": 9,
    "website": "https://babysharktoken.com/",
    "description": "BabyShark is a token designed to help clean the ocean by using decentralized fundraising. With it's unique tokenomics, BabyShark aims to be the first charity token with zero selling pressure from donations.",
    "explorer": "https://bscscan.com/token/0xcc9b175E4b88a22543C44F1cC65B73f63b0D4EfE",
    "status": "active",
    "id": "0xcc9b175E4b88a22543C44F1cC65B73f63b0D4EfE"
}