{
    "name": "TeraBlock Token",
    "website": "https://terablock.ai",
    "description": "Machine Learning driven, personalised cryptocurrency trade automation to help you easily manage your assets.",
    "explorer": "https://bscscan.com/token/0xeAF7D8395CCE52DAef138d39a1CEfA51b97C15aE",
    "symbol": "TBC",
    "type": "BEP20",
    "decimals": 18,
    "status": "abandoned",
    "id": "0xeAF7D8395CCE52DAef138d39a1CEfA51b97C15aE",
    "links": [
        {
            "name": "twitter",
            "url": "https://twitter.com/MyTeraBlock"
        },
        {
            "name": "telegram",
            "url": "https://t.me/TeraBlock"
        }
    ]
}