{
    "name": "$MLNX",
    "website": "https://melontokenbsc.com/",
    "description": "MELONx - We can beat breast cancer. Together!",
    "explorer": "https://bscscan.com/token/0xF28709f1daa6CEE2847C5B9526ceba457331742b",
    "type": "BEP20",
    "symbol": "$MLNX",
    "decimals": 18,
    "status": "active",
    "id": "0xF28709f1daa6CEE2847C5B9526ceba457331742b",
    "links": [
        {
            "name": "twitter",
            "url": "https://twitter.com/melontokenbsc"
        },
        {
            "name": "github",
            "url": "https://github.com/DRIVENx"
        },
        {
            "name": "telegram",
            "url": "https://t.me/melonbsc"
        },
        {
            "name": "blog",
            "url": "https://medium.com/@drivenprotocol"
        },
        {
            "name": "whitepaper",
            "url": "https://melontokenbsc.com/wp-content/uploads/2021/08/MELONx-Whitepaper.pdf"
        },
        {
            "name": "youtube",
            "url": "https://youtube.com/c/DRIVENx"
        },
        {
            "name": "reddit",
            "url": "https://reddit.com/r/DRIVENecosystem/"
        },
        {
            "name": "discord",
            "url": "https://discord.com/invite/qZ36FNT23w"
        },
        {
            "name": "facebook",
            "url": "https://facebook.com/melontoken"
        }
    ]
}