{
    "name": "SPO Token",
    "website": "https://spores.app/about",
    "description": "SPO token is designed for community governance and DeFi utilization with NFT-creator-centricity and DeFi-community-driven purpose. SPO is used to incentivize NFT creators, buyers, agents, liquidity providers across the ecosystem.",
    "explorer": "https://bscscan.com/token/0x8357c604c5533fa0053BeAaA1494Da552ceA38f7",
    "type": "BEP20",
    "symbol": "SPO",
    "decimals": 18,
    "status": "active",
    "id": "0x8357c604c5533fa0053BeAaA1494Da552ceA38f7",
    "links": [
        {
            "name": "twitter",
            "url": "https://twitter.com/Spores_Network"
        },
        {
            "name": "medium",
            "url": "https://spores.medium.com"
        },
        {
            "name": "coingecko",
            "url": "https://coingecko.com/en/coins/spores-network"
        },
        {
            "name": "coinmarketcap",
            "url": "https://coinmarketcap.com/currencies/spores-network"
        }
    ]
}