{
    "name": "Crypto.com Coin",
    "website": "https://crypto.com/en/chain",
    "description": "Crypto.com Chain will be a privacy preserving payment network that focuses on enabling crypto spending in the real world, powering the future of mobile money.",
    "explorer": "https://etherscan.io/token/0xA0b73E1Ff0B80914AB6fe0444E65848C4C34450b",
    "type": "ERC20",
    "symbol": "CRO",
    "decimals": 8,
    "status": "active",
    "id": "0xA0b73E1Ff0B80914AB6fe0444E65848C4C34450b",
    "links": [
        {
            "name": "blog",
            "url": "https://medium.com/@crypto.com"
        },
        {
            "name": "twitter",
            "url": "https://twitter.com/cryptocom"
        },
        {
            "name": "reddit",
            "url": "https://reddit.com/r/Crypto_com/"
        },
        {
            "name": "facebook",
            "url": "https://facebook.com/CryptoComOfficial"
        },
        {
            "name": "telegram",
            "url": "https://t.me/CryptoComOfficial"
        },
        {
            "name": "whitepaper",
            "url": "https://crypto.com/images/chain_whitepaper.pdf"
        },
        {
            "name": "coingecko",
            "url": "https://coingecko.com/en/coins/crypto-com-chain/"
        }
    ]
}