{
    "name": "EDXA Labs",
    "website": "https://edxa.co",
    "description": "EDXA Dex and Yield Farm",
    "explorer": "https://bscscan.com/token/0x952cEbF65f3A9F11ef0222Aefe0608d26621B097",
    "type": "BEP20",
    "symbol": "EDXA",
    "decimals": 18,
    "status": "active",
    "id": "0x952cEbF65f3A9F11ef0222Aefe0608d26621B097",
    "links": [
        {
            "name": "github",
            "url": "https://github.com/EdxaLabs"
        },
        {
            "name": "twitter",
            "url": "https://twitter.com/EdxaLabs"
        },
        {
            "name": "telegram",
            "url": "https://t.me/edxa_group_official"
        },
        {
            "name": "medium",
            "url": "https://edxalabs.medium.com"
        },
        {
            "name": "whitepaper",
            "url": "https://edxalabs.gitbook.io"
        }
    ]
}