{
    "name": "CremePieSwap",
    "website": "https://cremepieswap.finance",
    "description": "Lead chain adoption by creating the lowest fee, highest rewarding AMM on the Polygon (MATIC) network.",
    "explorer": "https://polygonscan.com/token/0xfad70fd116559914240fab82b0078c4e82a6a1b8",
    "type": "POLYGON",
    "symbol": "CPIE",
    "decimals": 18,
    "status": "active",
    "id": "0xfad70FD116559914240faB82b0078c4E82a6a1B8",
    "links": [
        {
            "name": "github",
            "url": "https://github.com/CremePieSwap"
        },
        {
            "name": "twitter",
            "url": "https://twitter.com/CremePieSwap"
        },
        {
            "name": "whitepaper",
            "url": "https://docs.cremepieswap.finance"
        }
    ]
}