{
    "name": "Hakuna Matata",
    "website": "https://hakunamatatatoken.com",
    "description": "A token based on the Binance Smart Chain. With an NFT marketplace, play to earn gaming, charity donations, manual buy back, token burns and a perk of choosing your reflections in BUSD or HKUN token.",
    "explorer": "https://bscscan.com/token/0xBb2FA5B2D19209f4Cf50cF745Efc32641A7c9fb1",
    "type": "BEP20",
    "symbol": "HKUN",
    "decimals": 9,
    "status": "active",
    "id": "0xBb2FA5B2D19209f4Cf50cF745Efc32641A7c9fb1",
    "links": [
        {
            "name": "twitter",
            "url": "https://twitter.com/HKUNtoken"
        },
        {
            "name": "telegram",
            "url": "https://t.me/HKUNtoken"
        },
        {
            "name": "youtube",
            "url": "https://youtube.com/channel/UC-UUoGWO_MCcPusXptzCmkA"
        },
        {
            "name": "whitepaper",
            "url": "https://hakunamatatatoken.com/wp-content/uploads/2021/09/HakunaMatata_Whitepaper_v1.pdf"
        },
        {
            "name": "coinmarketcap",
            "url": "https://coinmarketcap.com/currencies/hakunamatata-new"
        }
    ]
}