{
    "name": "Laqira Protocol",
    "website": "https://laqira.io/index.php",
    "description": "A Metaverse Complex, Tunneling Between People on Earth and Blockchain-Based Technologies",
    "explorer": "https://bscscan.com/token/0xbc81ea817b579eC0334BcA8E65E436b7cB540147",
    "type": "BEP20",
    "symbol": "LQR",
    "decimals": 18,
    "status": "active",
    "id": "0xbc81ea817b579eC0334BcA8E65E436b7cB540147",
    "tags": [],
    "links": [
        {
            "name": "github",
            "url": "https://github.com/laqiraprotocol/"
        },
        {
            "name": "twitter",
            "url": "https://twitter.com/laqiraprotocol/"
        },
        {
            "name": "telegram",
            "url": "https://t.me/LaqiraProtocol"
        }
    ]
}