{
    "name": "RatBoyBSC",
    "type": "BEP20",
    "symbol": "WENTXN",
    "decimals": 4,
    "website": "https://ratboybsc.com",
    "description": "Ratboy is a project on the Binance Smart Chain dedicated to cleaning the rats in the space. These include the ruggers and scammers which run away with investor’s funds. The utilities which will accompany this coin are based on avoiding these rats of BSC and to publicly shame them. This way one step at a time we can make people double think before attempting to scam, due to the public shame which follows.",
    "explorer": "https://bscscan.com/token/0xAf98e6c2D3b520F4e9b3D7ea22ad7AeFFFDbc2fd",
    "status": "active",
    "id": "0xAf98e6c2D3b520F4e9b3D7ea22ad7AeFFFDbc2fd",
    "links": [
        {
            "name": "twitter",
            "url": "https://twitter.com/ratboybsc"
        },
        {
            "name": "telegram",
            "url": "https://t.me/ratboyofficial"
        },
        {
            "name": "coinmarketcap",
            "url": "https://coinmarketcap.com/currencies/ratboy-bsc/"
        },
        {
            "name": "coingecko",
            "url": "https://coingecko.com/coins/ratboy-bsc"
        }
    ],
    "tags": [
        "defi"
    ]
}
