{
    "name": "Daddy Doge",
    "type": "BEP20",
    "symbol": "DaddyDoge",
    "decimals": 9,
    "website": "https://daddydoge.finance/",
    "description": "Daddy Doge is a deflationary token based on the world renowned Doge meme. Each transaction carries a 9% benefiting holders by reflecting tokens, adding to the liquidity pool and adding to the marketing budget to ensure long term success.",
    "explorer": "https://bscscan.com/token/0x7ccE94C0B2C8aE7661f02544E62178377Fe8cF92",
    "status": "active",
    "id": "0x7ccE94C0B2C8aE7661f02544E62178377Fe8cF92",
    "tags": [
        "deflationary"
    ]
}