{
    "name": "Polyroll Token",
    "website": "https://polyroll.org/",
    "description": "Polyroll is a decentralized casino powered by Chainlink and Polygon. It claims to be provably fair, transparent and immutable games, anytime anywhere.",
    "explorer": "https://polygonscan.com/token/0xc68e83a305b0fad69e264a1769a0a070f190d2d6",
    "type": "POLYGON",
    "symbol": "ROLL",
    "decimals": 18,
    "status": "active",
    "id": "0xC68e83a305b0FaD69E264A1769a0A070F190D2d6",
    "links": [
        {
            "name": "github",
            "url": "https://github.com/polyroll"
        },
        {
            "name": "twitter",
            "url": "https://twitter.com/PolyrollOrg"
        },
        {
            "name": "telegram",
            "url": "https://t.me/polyroll"
        },
        {
            "name": "medium",
            "url": "https://polyroll.medium.com/"
        }
    ]
}