{
    "name": "Adamant",
    "website": "https://adamant.finance/",
    "description": "Adamant is a yield optimizer vault that provides users with an easy and safe way to automatically compound their tokens on the Polygon (MATIC) network and maximize their yields.",
    "explorer": "https://polygonscan.com/token/0xc3fdbadc7c795ef1d6ba111e06ff8f16a20ea539",
    "type": "POLYGON",
    "symbol": "ADDY",
    "decimals": 18,
    "status": "active",
    "id": "0xc3FdbadC7c795EF1D6Ba111e06fF8F16A20Ea539",
    "links": [
        {
            "name": "github",
            "url": "https://github.com/eepdev"
        },
        {
            "name": "twitter",
            "url": "https://twitter.com/AdamantVault"
        },
        {
            "name": "telegram",
            "url": "https://t.me/adamantfinance"
        },
        {
            "name": "coingecko",
            "url": "https://coingecko.com/en/coins/adamant/"
        }
    ]
}