{
    "name": "UltimoGG",
    "website": "https://www.ultgg.io",
    "description": "ULTGG - The game-changing esports token.",
    "explorer": "https://bscscan.com/token/0x2065E3BD318f155abE5Ad6aa263596f197112261",
    "type": "BEP20",
    "symbol": "ULTGG",
    "decimals": 9,
    "status": "active",
    "id": "0x2065E3BD318f155abE5Ad6aa263596f197112261",
    "links": [
        {
            "name": "telegram",
            "url": "https://t.me/ultgg"
        },
        {
            "name": "twitter",
            "url": "https://twitter.com/ultimoggesports"
        },
        {
            "name": "youtube",
            "url": "https://youtube.com/c/UltimoHombre/"
        }
    ]
}