{
    "name": "NuCypher",
    "type": "ERC20",
    "symbol": "NU",
    "decimals": 18,
    "website": "https://www.nucypher.com/",
    "description": "NuCypher is a decentralized threshold cryptography network.",
    "explorer": "https://etherscan.io/token/0x4fE83213D56308330EC302a8BD641f1d0113A4Cc",
    "status": "active",
    "id": "0x4fE83213D56308330EC302a8BD641f1d0113A4Cc",
    "links": [
        {
            "name": "github",
            "url": "https://github.com/nucypher/"
        },
        {
            "name": "twitter",
            "url": "https://twitter.com/nucypher"
        },
        {
            "name": "telegram",
            "url": "https://t.me/nucypher"
        },
        {
            "name": "coingecko",
            "url": "https://coingecko.com/en/coins/nucypher/"
        },
        {
            "name": "coinmarketcap",
            "url": "https://coinmarketcap.com/currencies/nucypher/"
        }
    ]
}