{
    "name": "Flap Coin",
    "type": "BEP20",
    "symbol": "FLAP",
    "decimals": 18,
    "website": "https://flappybirdgo.com",
    "description": "FlappyBird Go is the NFT game version of FlappyBird concept Play-to-Earn on Binance Smart Chain. Try to flap, Happy reward!",
    "explorer": "https://bscscan.com/token/0x81dd3724e3b1fb6123589777dd4cb44233b34a3b",
    "status": "active",
    "id": "0x81dD3724E3B1FB6123589777DD4CB44233B34A3B",
    "links": [
        {
            "name": "twitter",
            "url": "https://twitter.com/FlappyBird_Go"
        },
        {
            "name": "telegram",
            "url": "https://t.me/FlappyBirdGo"
        },
        {
            "name": "whitepaper",
            "url": "https://whitepaper.flappybirdgo.com/"
        },
        {
            "name": "facebook",
            "url": "https://facebook.com/FlappyBirdGo"
        },
        {
            "name": "medium",
            "url": "https://flappybirdgo.medium.com/"
        }
    ],
    "tags": [
        "nft"
    ]
}
