{
    "name": "VEKTOR",
    "type": "BEP20",
    "symbol": "VEKTOR",
    "decimals": 9,
    "website": "https://www.crypto-vektor.com/",
    "description": "We are an international team consisting of investors, programmers, engineers, founders, project managers, and crypto enthusiasts. We are not only invested but have also realized and successfully established many projects ourselves. Due to our network, we are personally very well connected with many partners and decision makers in the whole field.",
    "explorer": "https://bscscan.com/token/0xF2DA079867785018E6d823DD0FF332f05AAfe485",
    "status": "active",
    "id": "0xF2DA079867785018E6d823DD0FF332f05AAfe485",
    "links": [
        {
            "name": "twitter",
            "url": "https://twitter.com/Vektor_vektor?t=pE8hrBoFe7yDCYMEojK9Kw&s=09"
        },
        {
            "name": "telegram",
            "url": "https://t.me/VEKTOR_mentoring"
        },
        {
            "name": "github",
            "url": "https://github.com/CRYPTO-VEKTOR?tab=projects"
        }
    ],
    "tags": [
        "privacy"
    ]
}
