{
    "name": "Keep3r BSC Network",
    "website": "https://keep3rb.network",
    "description": "Keep3r BSC Network is First Decentralized Keeper Network Project on Binance Smart Chain. KP3RB token is fully democratic governance dapp.",
    "explorer": "https://bscscan.com/token/0x5EA29eEe799aA7cC379FdE5cf370BC24f2Ea7c81",
    "type": "BEP20",
    "symbol": "KP3RB",
    "decimals": 18,
    "status": "active",
    "id": "0x5EA29eEe799aA7cC379FdE5cf370BC24f2Ea7c81",
    "links": [
        {
            "name": "github",
            "url": "https://github.com/keep3rb-network"
        },
        {
            "name": "whitepaper",
            "url": "https://docs.keep3rb.network/docs"
        }
    ]
}