{
    "name": "PathFundV2",
    "type": "BEP20",
    "symbol": "PATH",
    "decimals": 9,
    "website": "https://pathfund.net",
    "description": "PathFund's initiative is to build and make available to investors a secure and friendly ecosystem with an intuitive interface.",
    "explorer": "https://bscscan.com/token/0x3c0b6fcb2f62990f477d9af611e4da3ff1f08222",
    "status": "active",
    "id": "0x3C0b6FCB2F62990f477d9AF611e4Da3fF1F08222",
    "links": [
        {
            "name": "twitter",
            "url": "https://twitter.com/PathFund"
        },
        {
            "name": "telegram",
            "url": "https://t.me/PathFund"
        },
        {
            "name": "reddit",
            "url": "https://reddit.com/r/PathFund"
        },
        {
            "name": "docs",
            "url": "https://docs.pathfund.net"
        },
        {
            "name": "coinmarketcap",
            "url": "https://coinmarketcap.com/currencies/pathfundv2/"
        },
        {
            "name": "coingecko",
            "url": "https://coingecko.com/"
        }
    ],
    "tags": [
        "defi"
    ]
} 