{
    "name": "AQUA",
    "type": "BEP20",
    "symbol": "AQUA",
    "decimals": 18,
    "website": "https://planetfinance.io/",
    "description": "AQUA is a utility based cryptocurrency designed to accrue value & govern the planets.",
    "explorer": "https://bscscan.com/token/0x72B7D61E8fC8cF971960DD9cfA59B8C829D91991",
    "status": "active",
    "id": "0x72B7D61E8fC8cF971960DD9cfA59B8C829D91991",
    "links": [
        {
            "name": "telegram",
            "url": "https://t.me/planet_finance"
        },
        {
            "name": "twitter",
            "url": "https://twitter.com/planet_finance"
        },
        {
            "name": "discord",
            "url": "https://discord.com/invite/FD5vHyh9Rv"
        }
    ]
}