{
    "name": "Euro Shiba Inu",
    "type": "BEP20",
    "symbol": "EShib",
    "decimals": 9,
    "website": "https://www.eshib.es/",
    "description": "EShib rewards its holders with 5%, another 5% goes to donations in case of natural disasters, educate, care for and improve the environment, reforest and classify said lands as a protected area, train companies in the world of cryptocurrency.",
    "explorer": "https://bscscan.com/token/0xFfaA85705aE216363e4e843B67fF3C238Fcf0de2",
    "status": "active",
    "id": "0xFfaA85705aE216363e4e843B67fF3C238Fcf0de2",
    "links": [
        {
            "name": "github",
            "url": "https://github.com/Euroshibainu"
        },
        {
            "name": "whitepaper",
            "url": "https://drive.google.com/drive/folders/1NTbSMvhewwMt037K-T4ZS9QR1L-q0zv4?usp=sharing"
        }
    ],
    "tags": [
        "memes"
    ]
}
