{
    "name": "MANY",
    "website": "https://many.global",
    "description": "MANY is a community born and operated project combining YF and NFT.",
    "explorer": "https://etherscan.io/token/0xAB7aaf9e485a3bc885985184ABE9FC6Aba727bD6",
    "type": "ERC20",
    "symbol": "MANY",
    "decimals": 18,
    "status": "active",
    "id": "0xAB7aaf9e485a3bc885985184ABE9FC6Aba727bD6",
    "links": [
        {
            "name": "github",
            "url": "https://github.com/MANYToken"
        }
    ]
}