{
    "name": "ORE Token",
    "type": "BEP20",
    "symbol": "ORE",
    "decimals": 18,
    "website": "https://ore-system.com/",
    "description": "ORE Token is a component of The ORE System (c) Next-Gen Blockchain Ecosystem",
    "explorer": "https://bscscan.com/token/0x8e2D8f40818FbaBA663Db6a24FB9B527Fc7100BE",
    "status": "active",
    "id": "0x8e2D8f40818FbaBA663Db6a24FB9B527Fc7100BE",
    "links": [
        {
            "name": "twitter",
            "url": "https://twitter.com/ORESystemNFT"
        },
        {
            "name": "facebook",
            "url": "https://facebook.com/oresystem"
        },
        {
            "name": "youtube",
            "url": "https://youtube.com/OreSystem"
        },
        {
            "name": "telegram",
            "url": "https://t.me/TheORESystem"
        },
        {
            "name": "discord",
            "url": "https://discord.com/channels/881987778102034473/881987778991255625"
        },
        {
            "name": "coinmarketcap",
            "url": "https://coinmarketcap.com/currencies/"
        },
        {
            "name": "github",
            "url": "https://github.com/ORESystem/OREToken/"
        },
        {
            "name": "coingecko",
            "url": "https://coingecko.com/"
        },
        {
            "name": "whitepaper",
            "url": "https://ore-system.com/wp-content/uploads/2021/09/ORE_System_White_Paper-v1.0.4.pdf"
        },
        {
            "name": "source_code",
            "url": "https://github.com/ORESystem/OREToken/"
        }
    ]
}