{
    "name": "UniCrypt",
    "website": "https://unicrypt.network",
    "description": "UNCX is the governance token of the UniCrypt platform.",
    "explorer": "https://polygonscan.com/token/0x9eecd634c7a934f752af0eb90dda9ecc262f199f",
    "type": "POLYGON",
    "symbol": "UNCX",
    "decimals": 18,
    "status": "active",
    "id": "0x9EECD634c7a934F752aF0EB90DdA9Ecc262F199F",
    "links": [
        {
            "name": "twitter",
            "url": "https://twitter.com/UNCX_token"
        },
        {
            "name": "medium",
            "url": "https://unicrypt.medium.com/"
        },
        {
            "name": "telegram",
            "url": "https://t.me/uncx_token"
        },
        {
            "name": "coinmarketcap",
            "url": "https://coinmarketcap.com/currencies/uncx/"
        },
        {
            "name": "coingecko",
            "url": "https://coingecko.com/en/coins/unicrypt"
        },
        {
            "name": "docs",
            "url": "https://docs.unicrypt.network/"
        }
    ]
}