{
    "name": "Europa",
    "type": "BEP20",
    "symbol": "EURO",
    "decimals": 18,
    "website": "https://europacoin.net",
    "description": "Europa is a leading DeFi yield aggregator on BSC that has 3 products as part of the Europa ecosystem, namely Vaults (yield optimizer), Europa (DEX Aggregator), and farmfolio",
    "explorer": "https://bscscan.com/token/0x5F16ba80a1F620055e35215028E90808c7CC365C",
    "status": "active",
    "id": "0x5F16ba80a1F620055e35215028E90808c7CC365C",
    "links": [
        {
            "name": "twitter",
            "url": "https://twitter.com/Europacoin2021"
        },
        {
            "name": "github",
            "url": "https://github.com/europacoinbsc/europa"
        },
        {
            "name": "telegram",
            "url": "https://t.me/Europabsc"
        }
    ]
}