{
    "name": "Matic Aave interest bearing USDC",
    "website": "https://www.aavegotchi.com/",
    "description": "aTokens on Polygon are known as maTokens.",
    "explorer": "https://polygonscan.com/token/0x9719d867a500ef117cc201206b8ab51e794d3f82",
    "type": "POLYGON",
    "symbol": "maUSDC",
    "decimals": 6,
    "status": "active",
    "id": "0x9719d867A500Ef117cC201206B8ab51e794d3F82",
    "links": [
        {
            "name": "discord",
            "url": "https://discord.com/invite/NPwnWB6"
        },
        {
            "name": "twitter",
            "url": "https://twitter.com/aavegotchi"
        },
        {
            "name": "coingecko",
            "url": "https://coingecko.com/en/coins/matic-aave-usdc/"
        },
        {
            "name": "medium",
            "url": "https://aavegotchi.medium.com/"
        },
        {
            "name": "telegram",
            "url": "https://t.me/aavegotchi"
        }
    ]
}