{
    "name": "GemSpree",
    "type": "BEP20",
    "symbol": "GEMS",
    "decimals": 9,
    "website": "https://gemspree.finance/",
    "description": "Gemspree is a rug proof utility token which aims to provide an NFT marketplace combined with advertising platform and charity donations focusing on kids with cancer around the world. ",
    "explorer": "https://bscscan.com/token/0x48A64f116Ce221fD7c1119775ba7892701F9911d",
    "status": "active",
    "id": "0x48A64f116Ce221fD7c1119775ba7892701F9911d"
}