{
    "name": "METAGALAXY LAND",
    "website": "https://metagalaxyland.com",
    "description": "The spacemap focuses on the development of the technology, operations infrastructure, new partnerships, and marketing initiatives.",
    "explorer": "https://bscscan.com/token/0x7CD8c22D3F4b66230F73D7FfCB48576233c3fe33",
    "type": "BEP20",
    "symbol": "MEGALAND",
    "decimals": 18,
    "status": "active",
    "id": "0x7CD8c22D3F4b66230F73D7FfCB48576233c3fe33",
    "tags": [
        "deflationary"
    ],
    "links": [
        {
            "name": "telegram",
            "url": "https://t.me/metagalaxyland"
        },
        {
            "name": "coinmarketcap",
            "url": "https://coinmarketcap.com/currencies/metagalaxy-land/"
        },
        {
            "name": "twitter",
            "url": "https://twitter.com/metagalaxyland"
        }
    ]
} 