{
    "name": "Alpha Finance",
    "website": "https://alphafinance.io",
    "description": "Alpha Finance Lab is a cross-chain DeFi platform, focusing on building an ecosystem of products that will interoperate and bring alpha to users across different blockchains starting with Binance Smart Chain (BSC) and Ethereum.",
    "explorer": "https://bscscan.com/token/0xa1faa113cbE53436Df28FF0aEe54275c13B40975",
    "research": "https://research.binance.com/en/projects/alpha-finance-lab",
    "type": "BEP20",
    "symbol": "ALPHA",
    "decimals": 18,
    "status": "active",
    "id": "0xa1faa113cbE53436Df28FF0aEe54275c13B40975"
}