{
    "name": "Doge Dash",
    "website": "https://dogedash.com/",
    "description": "Crypto Gaming made Easy: The aim of the game is simple... Dash as fast as you can through all of the 10 levels whilst collecting coins along the way. Successful players who complete all 10 levels will be rewarded with the collected Doge Dash coins direct to their wallets",
    "explorer": "https://bscscan.com/token/0x7ae5709c585ccfb3e61ff312ec632c21a5f03f70",
    "type": "BEP20",
    "symbol": "DogeDash",
    "decimals": 18,
    "status": "active",
    "id": "0x7AE5709c585cCFB3e61fF312EC632C21A5F03F70",
    "links": [
        {
            "name": "telegram",
            "url": "https://t.me/dogedashgame"
        },
        {
            "name": "twitter",
            "url": "https://twitter.com/doge_dash"
        },
        {
            "name": "reddit",
            "url": "https://reddit.com/r/dogedashthegame/"
        },
        {
            "name": "youtube",
            "url": "https://youtube.com/channel/UCFrYj9uTa66nLgviytnXzvA"
        },
        {
            "name": "medium",
            "url": "https://medium.com/@Dogedash_official"
        },
        {
            "name": "whitepaper",
            "url": "https://dogedash.com/Doge_Dash_Whitepaper.pdf"
        },
        {
            "name": "whitepaper",
            "url": "https://coinmarketcap.com/currencies/doge-dash/"
        },
        {
            "name": "coingecko",
            "url": "https://coingecko.com/en/coins/doge-dash"
        }
    ]
}