{
    "name": "Kiba Inu",
    "type": "BEP20",
    "symbol": "KIBA",
    "decimals": 9,
    "website": "https://kibainu.space/ ",
    "description": "Kiba Inu restores integrity to meme coins by building a safe Dex and Launchpad. Kiba Swap includes a dex and launchpad that includes features enabling investors to know which projects are safe and which they may want to avoid. We are on our way to becoming the leader of all meme coins and expanding into a multifaceted crypto project.",
    "explorer": "https://bscscan.com/token/0x31d3778A7Ac0d98c4aAA347D8b6EaF7977448341",
    "status": "abandoned",
    "id": "0x31d3778A7Ac0d98c4aAA347D8b6EaF7977448341",
    "links": [
        {
            "name": "coinmarketcap",
            "url": "https://coinmarketcap.com/currencies/kiba-inu/"
        },
        {
            "name": "telegram",
            "url": "https://t.me/KibaInuGlobal"
        }
    ],
    "tags": [
        "defi"
    ]
}