{
    "name": "NanoByte Token",
    "type": "BEP20",
    "symbol": "NBT",
    "decimals": 18,
    "website": "https://www.nanobyte.finance/",
    "description": "NanoByte token is bridging cryptocurrency to real world financial application, by integrating crypto to FIAT products such as e-money, credit cards, insurance, and other investments. NanoByte token is making decentralized finance mainstream and legitimate.",
    "explorer": "https://bscscan.com/token/0x1D3437E570e93581Bd94b2fd8Fbf202d4a65654A",
    "status": "active",
    "id": "0x1D3437E570e93581Bd94b2fd8Fbf202d4a65654A",
    "tags": [
        "defi"
    ],
    "links": [
        {
            "name": "telegram",
            "url": "https://t.me/NanoByteCommunity"
        },
        {
            "name": "twitter",
            "url": "https://twitter.com/nanobyte_io"
        }
    ]
}