{
    "name": "1INCH Token",
    "website": "https://1inch.exchange",
    "description": "The 1INCH token on Binance Smart Chain will be used for a bridge between the Binance and Ethereum networks.",
    "explorer": "https://bscscan.com/token/0x111111111117dc0aa78b770fa6a738034120c302",
    "type": "BEP20",
    "symbol": "1INCH",
    "decimals": 18,
    "status": "active",
    "id": "0x111111111117dC0aa78b770fA6A738034120C302",
    "tags": [
        "defi"
    ],
    "links": [
        {
            "name": "blog",
            "url": "https://1inch-exchange.medium.com/"
        },
        {
            "name": "twitter",
            "url": "https://twitter.com/1inchExchange"
        },
        {
            "name": "reddit",
            "url": "https://reddit.com/r/trustapp"
        },
        {
            "name": "telegram",
            "url": "https://t.me/OneInchExchange"
        },
        {
            "name": "coingecko",
            "url": "https://coingecko.com/en/coins/1inch/"
        }
    ]
}