{
    "name": "Mars Ecosystem Token",
    "website": "https://marsecosystem.com/",
    "description": "Builds the central bank and reserve currency for DeFi.",
    "explorer": "https://bscscan.com/token/0x7859B01BbF675d67Da8cD128a50D155cd881B576",
    "type": "BEP20",
    "symbol": "XMS",
    "decimals": 18,
    "status": "active",
    "id": "0x7859B01BbF675d67Da8cD128a50D155cd881B576",
    "links": [
        {
            "name": "twitter",
            "url": "https://twitter.com/MarsEcosystem"
        },
        {
            "name": "telegram",
            "url": "https://t.me/mars_ecosystem"
        },
        {
            "name": "discord",
            "url": "https://discord.com/invite/52TEnebg"
        },
        {
            "name": "coinmarketcap",
            "url": "https://coinmarketcap.com/currencies/mars-ecosystem-governance-token/"
        },
        {
            "name": "whitepaper",
            "url": "https://docs.marsecosystem.com/"
        },
        {
            "name": "github",
            "url": "https://github.com/marsecosystem"
        }
    ]
}