{
    "name": "Revolt 2 Earn",
    "type": "POLYGON",
    "symbol": "RVLT",
    "decimals": 18,
    "website": "https://revolt.cultdao.io/",
    "description": "Revolt is CULT DAOs first ecosystem token, and has been built on the Polygon network with 0.4% taxation. RVLT seeks to support The Many individuals who are working towards the same goal of helping the CULT ecosystem.",
    "explorer": "https://polygonscan.com/token/0xf0f9D895aCa5c8678f706FB8216fa22957685A13",
    "status": "active",
    "id": "0xf0f9D895aCa5c8678f706FB8216fa22957685A13",
    "links": [
        {
            "name": "twitter",
            "url": "https://twitter.com/wearecultdao"
        },
        {
            "name": "github",
            "url": "https://github.com/cultdao-developer/revolt2earn"
        },
        {
            "name": "telegram",
            "url": "https://t.me/revolt2earn"
        },
        {
            "name": "coinmarketcap",
            "url": "https://coinmarketcap.com/currencies/revolt-2-earn/"
        },
        {
            "name": "blog",
            "url": "https://wearecultdao.medium.com/"
        }
    ],
    "tags": [
        "defi"
    ]
}