{
    "name": "CherryPick",
    "type": "POLYGON",
    "symbol": "pCherry",
    "decimals": 18,
    "website": "https://www.fletaconnect.io",
    "description": "Fleta Connect is a new DeFi(Decentralized Finance) service created by Team Fleta with years of experience in the field. It is willing to offer significant benefits to our users with its own buyback mechanism and aims to give more rewards to DeFi users.",
    "explorer": "https://polygonscan.com/token/0xE33dC9d2D7D64c1e23467aC7eD7F8eF56d0a8d66",
    "status": "active",
    "id": "0xE33dC9d2D7D64c1e23467aC7eD7F8eF56d0a8d66",
    "links": [
        {
            "name": "twitter",
            "url": "https://twitter.com/fletachain"
        },
        {
            "name": "github",
            "url": "https://github.com/fletaio/fletaconnect"
        },
        {
            "name": "telegram",
            "url": "https://t.me/FLETAofficialGroup"
        },
        {
            "name": "medium",
            "url": "https://medium.com/fleta-first-chain"
        },
        {
            "name": "docs",
            "url": "https://fletaconnect.gitbook.io/fletaconnect/"
        }
    ]
}