{
    "name": "Monetas Token",
    "type": "BEP20",
    "symbol": "MNTG",
    "decimals": 18,
    "description": "MNTG is a stablecoin issued by Monetas in partnership with Binance.The establishment of MONETAS is also based on the purpose of betterment of the future game environment, using better virtual tokens.",
    "website": "https://monetasglobal.com/",
    "explorer": "https://bscscan.com/token/0x10adF50e15611d5A4DE3bd21F0DB7f3491A8ae0f",
    "id": "0x10adF50e15611d5A4DE3bd21F0DB7f3491A8ae0f",
    "status": "active",
    "tags": [
        "stablecoin",
        "staking",
        "gamefi"
    ],
    "links": [
        {
            "name": "twitter",
            "url": "https://twitter.com/monetasglobal"
        },
        {
            "name": "facebook",
            "url": "https://facebook.com/motetasglobal"
        },
        {
            "name": "youtube",
            "url": "https://youtube.com/channel/UCXRwEYyd4pg_PUNLblIpdbQ"
        },
        {
            "name": "github",
            "url": "https://github.com/monetas-tech/asset-listing"
        },
        {
            "name": "whitepaper",
            "url": "https://monetasglobal.com/wp-content/uploads/2021/09/Monetas-Whitepaper.pdf"
        },
        {
            "name": "coingecko",
            "url": "https://coingecko.com/en/coins/monetas"
        },
        {
            "name": "coinmarketcap",
            "url": "https://coinmarketcap.com/currencies/monetas/"
        }
    ]
}