{
    "name": "DAO Maker",
    "type": "BEP20",
    "symbol": "DAO",
    "decimals": 18,
    "website": "https://daomaker.com",
    "description": "DAO Maker is the leading incubation, fundraising and acceleration platform with a vast network of successful projects launched.",
    "explorer": "https://bscscan.com/token/0x4d2d32d8652058bf98c772953e1df5c5c85d9f45",
    "status": "active",
    "id": "0x4d2d32d8652058Bf98c772953E1Df5c5c85D9F45",
    "links": [
        {
            "name": "twitter",
            "url": "https://twitter.com/TheDaoMaker"
        },
        {
            "name": "telegram",
            "url": "https://t.me/daomaker"
        },
        {
            "name": "discord",
            "url": "https://discord.com/invite/daomaker"
        },
        {
            "name": "coingecko",
            "url": "https://coingecko.com/en/coins/dao-maker"
        },
        {
            "name": "coinmarketcap",
            "url": "https://coinmarketcap.com/currencies/dao-maker/"
        },
        {
            "name": "telegram_news",
            "url": "https://t.me/daomaker_ann"
        }
    ],
    "tags": [
        "deflationary",
        "governance",
        "staking"
    ]
}