{
    "name": "Grove",
    "type": "BEP20",
    "symbol": "GVR",
    "decimals": 18,
    "website": "https://www.grovetoken.com/",
    "description": "Our mission is to create wealth, for all Grovers, by harnessing the opportunities of a secure, decentralized digital currency in an environmentally conscious way. By compensating nature for years of abuse, Grove will create a healthier, wealthier future for all.",
    "explorer": "https://bscscan.com/token/0xaFb64E73dEf6fAa8B6Ef9a6fb7312d5C4C15ebDB",
    "status": "active",
    "id": "0xaFb64E73dEf6fAa8B6Ef9a6fb7312d5C4C15ebDB",
    "links": [
        {
            "name": "twitter",
            "url": "https://twitter.com/grovetoken"
        },
        {
            "name": "telegram",
            "url": "https://t.me/grovetoken"
        },
        {
            "name": "discord",
            "url": "https://discord.com/grovetoken"
        },
        {
            "name": "whitepaper",
            "url": "https://global-uploads.webflow.com/62b03f7c4e77803f83b758a2/62b97125c0b635fb993e4ac9_(ENGLISH)%20GroveToken-Whitepaper-v.1.4.pdf"
        },
        {
            "name": "coinmarketcap",
            "url": "https://coinmarketcap.com/currencies/grove/"
        },
        {
            "name": "coingecko",
            "url": "https://coingecko.com/coins/grove"
        }
    ],
    "tags": [
        "defi"
    ]
}
