{
    "name": "Sensible Finance",
    "type": "BEP20",
    "symbol": "SENSI",
    "decimals": 9,
    "website": "https://sensible.finance",
    "description": "The sensible project’s main aim is to let users create easy, fast and automatic yield farm portfolios and also to help with charity contributions to the people in need. This is done by smart contracts that take the user’s deposited funds and spread them across 10-15 yield farms. The yield is collected daily and sent to the user’s wallet.",
    "explorer": "https://bscscan.com/token/0x7869044D36ea75975B793ca4312608cc3817895B",
    "status": "active",
    "id": "0x7869044D36ea75975B793ca4312608cc3817895B"
}