{
    "name": "SEALToken",
    "symbol": "SEAL",
    "type": "ERC20",
    "decimals": 18,
    "description": "Financial public chain designed specifically for blockchain asset transactions, aims to create a payment layer using blockchain technology and reshape the global financial payment system.",
    "website": "https://sealchain.io/",
    "explorer": "https://etherscan.io/token/0x07bf5F95851Ef2b2996F192569e406A6FeA2a95a",
    "status": "active",
    "id": "0x07bf5F95851Ef2b2996F192569e406A6FeA2a95a"
}