{
    "name": "WaultSwap",
    "type": "BEP20",
    "symbol": "WEX",
    "decimals": 18,
    "website": "https://wault.finance/",
    "description": "Wault Finance is a decentralized finance hub that connects all of the primary DeFi use-cases within one simple ecosystem, on the Binance Smart Chain. In short, an all-in-one DeFi Platform!We’ve built a protocol including 2 tokens – WAULTx and WEX – and some unique features such as: WaultSwap (AMM), Wault Launchpad (new project presales), Wault Locker (liquidity locks for new or established projects), Wault Farms (staking and farming) and many other great services.",
    "explorer": "https://bscscan.com/token/0xa9c41A46a6B3531d28d5c32F6633dd2fF05dFB90",
    "status": "active",
    "id": "0xa9c41A46a6B3531d28d5c32F6633dd2fF05dFB90"
}