{
    "name": "Bondly",
    "website": "https://www.bondly.finance",
    "description": "Bondly is an interoperable, transparent and portable swap protocol designed to revolutionize traditional escrow methods and make everyone into their own digital marketplace.",
    "explorer": "https://etherscan.io/token/0xD2dDa223b2617cB616c1580db421e4cFAe6a8a85",
    "type": "ERC20",
    "symbol": "BONDLY",
    "decimals": 18,
    "status": "abandoned",
    "id": "0xD2dDa223b2617cB616c1580db421e4cFAe6a8a85"
}