{
    "name": "Swinate",
    "website": "https://www.swinate.io",
    "description": "Swinate is the auto-generating liquidity protocol with static farming by holding on Binance Smart Chain.",
    "explorer": "https://bscscan.com/token/0x8592fb0E6724A90CE45f05F31B85BddD45931560",
    "type": "BEP20",
    "symbol": "SWIN",
    "decimals": 9,
    "status": "active",
    "id": "0x8592fb0E6724A90CE45f05F31B85BddD45931560",
    "links": [
        {
            "name": "twitter",
            "url": "https://twitter.com/SWINATEIO"
        },
        {
            "name": "telegram",
            "url": "https://t.me/swinate"
        },
        {
            "name": "youtube",
            "url": "https://youtube.com/channel/UCn0nYSaMt07CWtgU-e2lVkg/"
        },
        {
            "name": "reddit",
            "url": "https://reddit.com/r/Swinate"
        }
    ]
}