{
    "name": "Stable BTC",
    "website": "app.ichi.org",
    "description": "oneBTC is an ICHI-created stablecoin backed by USDC and wBTC.",
    "explorer": "https://polygonscan.com/token/0x1f194578e7510A350fb517a9ce63C40Fa1899427",
    "type": "POLYGON",
    "symbol": "oneBTC",
    "decimals": 18,
    "status": "active",
    "id": "0x1f194578e7510A350fb517a9ce63C40Fa1899427",
    "tags": [
        "defi"
    ],
    "links": [
        {
            "name": "github",
            "url": "https://github.com/ichifarm/ichi-oneToken"
        },
        {
            "name": "twitter",
            "url": "https://twitter.com/ichifoundation"
        },
        {
            "name": "telegram",
            "url": "https://t.me/ichifarm"
        },
        {
            "name": "medium",
            "url": "https://medium.com/ichifarm"
        }
    ]
}
