{
    "name": "Decubate Token",
    "website": "https://decubate.com",
    "description": "Decubate is a community-powered investment platform that is bringing the $3 trillion global startup economy on-chain, unlocking liquidity for investors, and accelerating the mass adoption of blockchain technology.",
    "explorer": "https://bscscan.com/token/0xEAc9873291dDAcA754EA5642114151f3035c67A2",
    "type": "BEP20",
    "symbol": "DCB",
    "decimals": 18,
    "status": "active",
    "id": "0xEAc9873291dDAcA754EA5642114151f3035c67A2",
    "links": [
        {
            "name": "telegram",
            "url": "https://t.me/decubate"
        },
        {
            "name": "twitter",
            "url": "https://twitter.com/decubate"
        },
        {
            "name": "coinmarketcap",
            "url": "https://coinmarketcap.com/currencies/decubate/"
        }
    ]
}