{
    "name": "Binance-Peg BTCB Token",
    "website": "https://binance.org",
    "description": "Bitcoin BEP2 (BTCB) is a token on Binance Chain issued by Binance, where the price is pegged to BTC at a rate of 1 BTCB = 1 BTC.",
    "explorer": "https://bscscan.com/token/0x7130d2A12B9BCbFAe4f2634d864A1Ee1Ce3Ead9c",
    "research": "",
    "type": "BEP20",
    "symbol": "BTCB",
    "decimals": 18,
    "status": "active",
    "id": "0x7130d2A12B9BCbFAe4f2634d864A1Ee1Ce3Ead9c",
    "tags": [
        "binance-peg"
    ],
    "links": [
        {
            "name": "github",
            "url": "https://github.com/binance-chain/"
        },
        {
            "name": "twitter",
            "url": "https://twitter.com/binance_dex"
        },
        {
            "name": "telegram",
            "url": "https://t.me/BinanceDEXchange"
        },
        {
            "name": "blog",
            "url": "https://binance.org/en/blog/"
        }
    ]
}