{
    "name": "Americoin",
    "website": "https://ameriethe.com",
    "description": "Americoin is one of the most transformative technologies since the invention of the Internet. Americoin stands firmly in support of financial freedom and the liberty that Americoin provides globally for anyone to voluntarily participate in a permissionless and decentralized network.",
    "explorer": "https://etherscan.io/token/0xA099759772491738B18AE99F169157E60d16fbF7",
    "type": "ERC20",
    "symbol": "AME",
    "decimals": 8,
    "status": "active",
    "id": "0xA099759772491738B18AE99F169157E60d16fbF7"
}