{
    "name": "SLOTHI",
    "type": "BEP20",
    "symbol": "SLTH",
    "decimals": 9,
    "website": "https://slothi.net/",
    "description": "Slothi is a Deflationary token 13% slipp (5% holder 4% Burn 4%LP Fee)we are a community token, which was created by a strong community. We are pulling the project with voting in the community! here it is not the team that decides, but the investors.",
    "explorer": "https://bscscan.com/token/0x5B9dbeBbad94b8C6467Af9e8A851Bb120F9601c6",
    "status": "active",
    "id": "0x5B9dbeBbad94b8C6467Af9e8A851Bb120F9601c6"
}