{
    "name": "Memes Token",
    "website": "https://memestoken.com",
    "description": "MEMES token is the utility currency of the first decentralized MEME nft marketplace and social network .",
    "explorer": "https://bscscan.com/token/0x40B165Fd5dDc75ad0bDDc9ADd0adAbff5431a975",
    "type": "BEP20",
    "symbol": "MEMES",
    "decimals": 9,
    "status": "active",
    "id": "0x40B165Fd5dDc75ad0bDDc9ADd0adAbff5431a975",
    "links": [
        {
            "name": "twitter",
            "url": "https://twitter.com/https://twitter.com/"
        },
        {
            "name": "github",
            "url": "https://github.com/Flokigangster"
        }
    ],
    "tags": [
        "memes"
    ]
} 
