{
    "name": "Hub",
    "website": "https://hubtoken.org",
    "description": "Hub, the Human Trust Protocol, solves endemic trust problems and provides verifiable and portable trust. The HUB token’s aim is to encode identity and reputation on the blockchain, to become the next digital identity protocol interoperable across multiple platforms.",
    "explorer": "https://etherscan.io/token/0xba358B6f5b4c0215650444B8C30D870B55050D2D",
    "type": "ERC20",
    "symbol": "HUB",
    "decimals": 18,
    "status": "active",
    "id": "0xba358B6f5b4c0215650444B8C30D870B55050D2D"
}