{
    "name": "Stable UNI",
    "website": "app.ichi.org",
    "description": "oneUNI is an ICHI-created stablecoin for Uniswap.",
    "explorer": "https://etherscan.io/token/0x8290d7a64f25e6b5002d98367e8367c1b532b534",
    "type": "ERC20",
    "symbol": "oneUNI",
    "decimals": 18,
    "status": "active",
    "id": "0x8290D7a64F25e6b5002d98367E8367c1b532b534",
    "tags": [
        "defi"
    ],
    "links": [
        {
            "name": "github",
            "url": "https://github.com/ichifarm/ichi-oneToken"
        },
        {
            "name": "twitter",
            "url": "https://twitter.com/ichifarm"
        },
        {
            "name": "telegram",
            "url": "https://t.me/ichifarm"
        },
        {
            "name": "medium",
            "url": "https://medium.com/ichifarm"
        },
        {
            "name": "discord",
            "url": "https://discord.com/invite/DvsYCfK8"
        },
        {
            "name": "coingecko",
            "url": "https://coingecko.com/en/coins/stable-uni"
        }
    ]
}
