{
    "name": "Morpher Token",
    "website": "https://morpher.com",
    "description": "Morpher rebuilds financial markets from the ground up on the Ethereum Blockchain. All in the pursuit of the perfect trading experience. With Zero Fees, Perfectly Liquid Markets, No Counterparties, Verifiable and Transparent Execution all Secured with Blockchain Technology",
    "explorer": "https://polygonscan.com/token/0x65C9e3289e5949134759119DBc9F862E8d6F2fBE",
    "type": "POLYGON",
    "symbol": "MPH",
    "decimals": 18,
    "status": "active",
    "id": "0x65C9e3289e5949134759119DBc9F862E8d6F2fBE",
    "links": [
        {
            "name": "twitter",
            "url": "https://twitter.com/morpher_io"
        },
        {
            "name": "telegram",
            "url": "https://t.me/morpher_io"
        },
        {
            "name": "medium",
            "url": "https://medium.com/morpher"
        },
        {
            "name": "whitepaper",
            "url": "https://www.morpher.com/docs/morpher_whitepaper.pdf"
        }
    ],
    "tags": [
        "defi"
    ]
}