{
    "name": "SHIBORG INU",
    "website": "https://shiborgtoken.com/",
    "description": "A CYBORG SHIBA INU DOG FROM PLANET SHIBAMOON X1000. A DECENTRALIZED MEME TOKEN",
    "explorer": "https://bscscan.com/token/0x389c13d5be24bed2af35c30f211e042225cb06ff",
    "type": "BEP20",
    "symbol": "SHIBORG",
    "decimals": 8,
    "status": "active",
    "id": "0x389c13d5be24bED2af35C30F211E042225CB06fF",
    "links": [
        {
            "name": "telegram",
            "url": "https://t.me/ShiborgInu"
        },
        {
            "name": "twitter",
            "url": "https://twitter.com/ShiborgToken"
        },
        {
            "name": "reddit",
            "url": "https://reddit.com/r/ShiborgToken/"
        },
        {
            "name": "facebook",
            "url": "https://facebook.com/ShiborgToken"
        },
        {
            "name": "youtube",
            "url": "https://youtube.com/channel/UC5LQLfoSg8UVeV21SfC5XDA"
        },
        {
            "name": "coinmarketcap",
            "url": "https://coinmarketcap.com/currencies/shiborg-inu/"
        },
        {
            "name": "coingecko",
            "url": "https://coingecko.com/en/coins/shiborg-inu"
        }
    ]
}