{
    "name": "FalconX Token",
    "website": "https://projectfalconx.com",
    "description": "FalconX is a Bep 20 Token within the FalconX NFT Ecosystem. FalconX community members will be able to access FalconX NFT’s which reward holders with daily passive income.",
    "explorer": "https://bscscan.com/token/0x2d862c9fc46608d7ff83293ceb83330d6135be5e",
    "type": "BEP20",
    "symbol": "FALCX",
    "decimals": 9,
    "status": "active",
    "id": "0x2D862c9FC46608d7ff83293cEB83330D6135BE5E",
    "links": [
        {
            "name": "twitter",
            "url": "https://twitter.com/projectfalconx"
        },
        {
            "name": "youtube",
            "url": "https://youtube.com/channel/UCemByi8cdWT9246H235UOcw"
        },
        {
            "name": "telegram",
            "url": "https://t.me/ProjectFalconX"
        }
    ]
}