{
    "name": "Orion",
    "type": "BEP20",
    "symbol": "ORION",
    "decimals": 9,
    "website": "https://orioninitiative.com/",
    "description": "Orion will have 2 presales 40% whitelisted, 60% hosted on Dxsale. This will be a air launch with a max 2 BNB on whitelist and 4 BNB on Dxapp. Whitelist will be on a first come first serve basis and will only be announced on Telegram.",
    "explorer": "https://bscscan.com/token/0x2821989877c0189bf63837f18a2856E30297AF70",
    "status": "active",
    "id": "0x2821989877c0189bf63837f18a2856E30297AF70"
}