{
    "name": "Dracula Protocol",
    "website": "https://dracula.sucks/",
    "description": "One tool to farm everything in Defi.",
    "explorer": "https://etherscan.io/token/0xb78B3320493a4EFaa1028130C5Ba26f0B6085Ef8",
    "type": "ERC20",
    "symbol": "DRC",
    "decimals": 18,
    "status": "active",
    "id": "0xb78B3320493a4EFaa1028130C5Ba26f0B6085Ef8",
    "links": [
        {
            "name": "github",
            "url": "https://github.com/Dracula-Protocol/"
        },
        {
            "name": "whitepaper",
            "url": "https://medium.com/@DraculaProtocol/the-dracula-protocol-919a80fcb09"
        }
    ]
}