{
    "name": "Reserve Rights",
    "type": "ERC20",
    "symbol": "RSR",
    "decimals": 18,
    "website": "https://reserve.org",
    "description": "The Reserve team's goal is to make the most accessible, economically strongest, and most robust-to-attack currency.",
    "explorer": "https://etherscan.io/token/0x320623b8E4fF03373931769A31Fc52A4E78B5d70",
    "status": "active",
    "id": "0x320623b8E4fF03373931769A31Fc52A4E78B5d70",
    "links": [
        {
            "name": "twitter",
            "url": "https://twitter.com/reserveprotocol"
        },
        {
            "name": "telegram",
            "url": "https://t.me/reservecurrency"
        },
        {
            "name": "github",
            "url": "https://github.com/reserve-protocol/rsr-mainnet"
        },
        {
            "name": "blog",
            "url": "https://medium.com/reserve-currency"
        },
        {
            "name": "coingecko",
            "url": "https://coingecko.com/coins/reserve-rights-token/"
        }
    ],
    "tags": [
        "defi"
    ]
}
