{
    "name": "beefy.finance",
    "website": "https://beefy.finance/",
    "description": "The Multichain Yield Optimizer",
    "explorer": "https://polygonscan.com/token/0xFbdd194376de19a88118e84E279b977f165d01b8",
    "type": "POLYGON",
    "symbol": "BIFI",
    "decimals": 18,
    "status": "active",
    "id": "0xFbdd194376de19a88118e84E279b977f165d01b8",
    "links": [
        {
            "name": "github",
            "url": "https://github.com/beefyfinance"
        },
        {
            "name": "twitter",
            "url": "https://twitter.com/beefyfinance"
        },
        {
            "name": "telegram",
            "url": "https://t.me/beefyannouncement"
        },
        {
            "name": "coingecko",
            "url": "https://coingecko.com/en/coins/beefy-finance/"
        },
        {
            "name": "coinmarketcap",
            "url": "https://coinmarketcap.com/currencies/beefy-finance/"
        }
    ],
    "tags": [
        "defi",
        "governance"
    ]
}