{
    "name": "DogeFather",
    "type": "BEP20",
    "symbol": "FATHER",
    "decimals": 9,
    "website": "https://dogefat.com",
    "description": "DogeFather is a community owned Meme token, which aims to build a completely decentralised ecosystem. It aims to develop dGames dChart dSwap dPad.",
    "explorer": "https://bscscan.com/token/0x15e2bff3ab5dcf1f7b5b854636939f3649ce3cf8",
    "status": "active",
    "id": "0x15E2BFF3AB5dcF1F7b5b854636939F3649ce3cf8",
    "links": [
        {
            "name": "twitter",
            "url": "https://twitter.com/dogefatherDEFI"
        },
        {
            "name": "telegram",
            "url": "https://t.me/dogefather_global"
        },
        {
            "name": "whitepaper",
            "url": "https://dogefat.com/assets/dogefather_whitepaper.pdf"
        },
        {
            "name": "coinmarketcap",
            "url": "https://coinmarketcap.com/currencies/dogefather-token/"
        },
        {
            "name": "coingecko",
            "url": "https://coingecko.com/en/coins/dogefather-token"
        },
        {
            "name": "source_code",
            "url": "https://bscscan.com/address/0x15e2bff3ab5dcf1f7b5b854636939f3649ce3cf8#code"
        },
        {
            "name": "medium",
            "url": "https://medium.com/@dogefatherGlobal"
        }
    ],
    "tags": [
        "defi",
        "gamefi"
    ]
}