{
    "name": "TetraHedra",
    "website": "https://tetra-hedra.com",
    "description": "TetraHedra is an arabic leading Token that has many unique features it is a must to read about us so you can have a better understanding about the nature of our defi process.",
    "explorer": "https://bscscan.com/token/0xF19b09DA89722F0a6960F9bF9701A63AE891603A",
    "type": "BEP20",
    "symbol": "TTH",
    "decimals": 9,
    "status": "active",
    "id": "0xF19b09DA89722F0a6960F9bF9701A63AE891603A",
    "links": [
        {
            "name": "twitter",
            "url": "https://twitter.com/TetraHedraTTH"
        },
        {
            "name": "facebook",
            "url": "https://facebook.com/tetrahedra2021"
        },
        {
            "name": "telegram",
            "url": "https://t.me/TetraHedraChat"
        },
        {
            "name": "telegram_news",
            "url": "https://t.me/TetraHedranews"
        },
        {
            "name": "whitepaper",
            "url": "https://tetra-hedra.com/img/TetraHedra-Whitepaper.pdf"
        },
        {
            "name": "coinmarketcap",
            "url": "https://coinmarketcap.com/currencies/tetrahedra"
        },
        {
            "name": "coingecko",
            "url": "https://coingecko.com/en/coins/tetrahedra"
        }
    ]
}