{
    "name": "Booster",
    "website": "https://boostertoken.com",
    "description": "Booster is a Binance Smart Chain token with Auto LP and Static Rewards paid in 11 different tokens.",
    "explorer": "https://bscscan.com/token/0x773b532126b9F307665942b0fa4cDa0540CeDb71",
    "type": "BEP20",
    "symbol": "BOOST",
    "decimals": 18,
    "status": "active",
    "id": "0x773b532126b9F307665942b0fa4cDa0540CeDb71",
    "links": [
        {
            "name": "github",
            "url": "https://github.com/BoosterToken"
        },
        {
            "name": "twitter",
            "url": "https://twitter.com/BoosterToken"
        },
        {
            "name": "telegram",
            "url": "https://t.me/BoosterToken"
        }
    ]
}