{
    "name": "Meta",
    "website": "https://mstable.org",
    "description": "mStable unites stablecoins, lending and swapping into one standard.",
    "explorer": "https://etherscan.io/token/0xa3BeD4E1c75D00fa6f4E5E6922DB7261B5E9AcD2",
    "type": "ERC20",
    "symbol": "MTA",
    "decimals": 18,
    "status": "active",
    "id": "0xa3BeD4E1c75D00fa6f4E5E6922DB7261B5E9AcD2",
    "links": [
        {
            "name": "twitter",
            "url": "https://twitter.com/mstable_"
        }
    ]
}