{
    "name": "DRIVENprotocol",
    "type": "BEP20",
    "symbol": "$DVP",
    "decimals": 9,
    "website": "https://drivenprotocol.com/",
    "description": "The support team told me to add my logo from this app. The fee was paid as you can see here https://github.com/trustwallet/assets/pull/8418#issuecomment-844545404 Description: DRIVEN’s primary goal is to bridge the needs of everyday businesses from your barber to your baker to your candlestick maker with the crypto ecosystem that enables them to use cryptocurrency for goods and services in a simple and intuitive manner, removing complexity from the current cumbersome process.",
    "explorer": "https://bscscan.com/token/0x43bFf6EAB0903cD0DA8D7c57C25e17314E51da54",
    "status": "active",
    "id": "0x43bFf6EAB0903cD0DA8D7c57C25e17314E51da54"
}