{
    "name": "PayBolt",
    "type": "POLYGON",
    "symbol": "PAY",
    "decimals": 18,
    "website": "https://www.paybolt.io/",
    "description": "Pay expenses, earn $PAY rewards with your crypto tokens in near-instant time. Start spending your tokens at cafe, restaurant and everywhere.",
    "explorer": "https://polygonscan.com/token/0xe580074A10360404AF3ABfe2d524D5806D993ea3",
    "status": "active",
    "id": "0xe580074A10360404AF3ABfe2d524D5806D993ea3",
    "links": [
        {
            "name": "telegram",
            "url": "https://t.me/PayBolt"
        },
        {
            "name": "twitter",
            "url": "https://twitter.com/PayBoltofficial"
        },
        {
            "name": "youtube",
            "url": "https://youtube.com/c/PayBolt"
        },
        {
            "name": "facebook",
            "url": "https://facebook.com/PayBolt"
        },
        {
            "name": "whitepaper",
            "url": "https://file.paybolt.io/paybolt_whitepaper.pdf"
        },
        {
            "name": "github",
            "url": "https://github.com/paybolt"
        },
        {
            "name": "coinmarketcap",
            "url": "https://coinmarketcap.com/currencies/paybolt/"
        }
    ],
    "tags": [
        "defi"
    ]
}