{
    "name": "MetaGear Token",
    "type": "BEP20",
    "symbol": "GEAR",
    "decimals": 18,
    "website": "https://metagear.game",
    "description": "MetaGear is a game that shows creativity in assembling robots to fight.",
    "explorer": "https://bscscan.com/token/0xb4404DaB7C0eC48b428Cf37DeC7fb628bcC41B36",
    "status": "active",
    "id": "0xb4404DaB7C0eC48b428Cf37DeC7fb628bcC41B36",
    "links": [
        {
            "name": "twitter",
            "url": "https://twitter.com/MetaGearGame"
        },
        {
            "name": "github",
            "url": "https://github.com/MetaGear-Game/"
        },
        {
            "name": "telegram",
            "url": "https://t.me/MetaGearOfficial"
        },
        {
            "name": "coinmarketcap",
            "url": "https://coinmarketcap.com/currencies/metagear/"
        },
        {
            "name": "coingecko",
            "url": "https://coingecko.com/en/coins/metagear"
        },
        {
            "name": "whitepaper",
            "url": "https://whitepaper.metagear.game/"
        },
        {
            "name": "discord",
            "url": "https://discord.com/invite/TVrWrcjVJH"
        }
    ],
    "tags": [
        "gamefi"
    ]
}