{
    "name": "Bridge Token",
    "website": "https://bridge.link",
    "description": "Bridge Oracle System is a technology through which external data can be injected.",
    "explorer": "https://bscscan.com/token/0x6e4a971B81CA58045a2AA982EaA3d50C4Ac38F42",
    "type": "BEP20",
    "symbol": "BRG",
    "decimals": 18,
    "status": "active",
    "id": "0x6e4a971B81CA58045a2AA982EaA3d50C4Ac38F42",
    "tags": [
        "defi"
    ],
    "links": [
        {
            "name": "twitter",
            "url": "https://twitter.com/bridge_oracle"
        },
        {
            "name": "coinmarketcap",
            "url": "https://coinmarketcap.com/currencies/bridge-oracle/"
        },
        {
            "name": "discord",
            "url": "https://discord.com/invite/brg"
        },
        {
            "name": "coingecko",
            "url": "https://coingecko.com/coins/bridge-oracle/"
        },
        {
            "name": "telegram",
            "url": "https://t.me/Bridge_Oracle"
        },
        {
            "name": "github",
            "url": "https://github.com/BridgeOracle"
        },
        {
            "name": "whitepaper",
            "url": "https://bridge.link/BRG-Whitepaper.pdf"
        },
        {
            "name": "medium",
            "url": "https://medium.com/@bridge_oracle"
        }
    ]
}
