{
    "name": "Centric SWAP",
    "type": "BEP20",
    "symbol": "CNS",
    "decimals": 8,
    "description": "Centric is an innovative dual-token digital currency & decentralized blockchain protocol built on sound economics that yields a return hourly.",
    "explorer": "https://bscscan.com/token/0xF6Cb4ad242BaB681EfFc5dE40f7c8FF921a12d63",
    "website": "https://www.centric.com/",
    "status": "active",
    "id": "0xF6Cb4ad242BaB681EfFc5dE40f7c8FF921a12d63",
    "tags": [
        "governance"
    ],
    "links": [
        {
            "name": "github",
            "url": "https://github.com/Centric-Org"
        },
        {
            "name": "twitter",
            "url": "https://twitter.com/centricrise"
        },
        {
            "name": "reddit",
            "url": "https://reddit.com/user/joincentric"
        },
        {
            "name": "discord",
            "url": "https://discord.com/invite/KjwY64h"
        },
        {
            "name": "telegram",
            "url": "https://t.me/CentricChat"
        },
        {
            "name": "telegram_news",
            "url": "https://t.me/centric"
        }
    ]
}