{
    "name": "Go Crypto Me",
    "type": "BEP20",
    "symbol": "GCME",
    "decimals": 9,
    "website": "https://gocryptome.io/",
    "description": "Join the Future of Uncensored Crowdfunding. The #1 DAO operated, blockchain powered, crowdfunding platform",
    "explorer": "https://bscscan.com/token/0x9528cCEb678B90dAf02cA5cA45622D5cBaF58A30",
    "status": "active",
    "id": "0x9528cCEb678B90dAf02cA5cA45622D5cBaF58A30",
    "links": [
        {
            "name": "github",
            "url": "https://github.com/GoBlockchain2022/"
        },
        {
            "name": "twitter",
            "url": "https://twitter.com/gocryptomecoin"
        },
        {
            "name": "telegram",
            "url": "https://t.me/GoCryptoMe"
        }
    ],
    "tags": [
        "defi"
    ]
} 
