{
    "name": "0xBitcoin Token",
    "website": "https://0xbitcoin.org/",
    "description": "Pure-mined neutral token.",
    "explorer": "https://polygonscan.com/token/0x71b821aa52a49f32eed535fca6eb5aa130085978",
    "type": "POLYGON",
    "symbol": "0xBTC",
    "decimals": 8,
    "status": "active",
    "id": "0x71B821aa52a49F32EEd535fCA6Eb5aa130085978",
    "links": [
        {
            "name": "github",
            "url": "https://github.com/0xbitcoin"
        },
        {
            "name": "twitter",
            "url": "https://twitter.com/0xbitcoin_ERC20"
        },
        {
            "name": "telegram",
            "url": "https://t.me/QuickSwapDEX"
        },
        {
            "name": "coinmarketcap",
            "url": "https://coinmarketcap.com/currencies/0xbtc/"
        },
        {
            "name": "coingecko",
            "url": "https://coingecko.com/en/coins/oxbitcoin/"
        }
    ]
}