{
    "name": "Dogemongo",
    "website": "https://dogemongo.com/",
    "description": "Combine the Playing Experience with your Favourite Dogemons!Start catching Dogemons today & If you’re a great trainer, you can find Crypto Currency as prey among other Dogemons.",
    "explorer": "https://bscscan.com/token/0x9e6b3e35c8f563b45d864f9ff697a144ad28a371",
    "type": "BEP20",
    "symbol": "DOGO",
    "decimals": 18,
    "status": "active",
    "id": "0x9E6B3E35c8f563B45d864f9Ff697A144ad28A371",
    "links": [
        {
            "name": "github",
            "url": "https://github.com/DomgeonGo"
        },
        {
            "name": "twitter",
            "url": "https://twitter.com/DogemonGoApp"
        },
        {
            "name": "reddit",
            "url": "https://reddit.com/r/dogemongoapp/"
        }
    ]
}