{
    "name": "OVR",
    "symbol": "OVR",
    "type": "POLYGON",
    "decimals": 18,
    "description": "OVR is the decentralized infrastructure for the metaverse, merging physical and virtual world through Augmented Reality",
    "website": "https://www.ovr.ai/",
    "explorer": "https://polygonscan.com/token/0x1631244689EC1fEcbDD22fb5916E920dFC9b8D30",
    "status": "active",
    "id": "0x1631244689EC1fEcbDD22fb5916E920dFC9b8D30",
    "tags": [
        "nft"
    ],
    "links": [
        {
            "name": "telegram",
            "url": "https://t.me/OVRtheReality"
        },
        {
            "name": "twitter",
            "url": "https://twitter.com/OVRtheReality"
        },
        {
            "name": "facebook",
            "url": "https://facebook.com/OVRmetaverse/"
        },
        {
            "name": "telegram_news",
            "url": "https://t.me/ovrannouncements"
        },
        {
            "name": "medium",
            "url": "https://medium.com/ovrthereality"
        },
        {
            "name": "coingecko",
            "url": "https://coingecko.com/en/coins/ovr"
        },
        {
            "name": "coinmarketcap",
            "url": "https://coinmarketcap.com/currencies/ovr/"
        }
    ]
}
