{
    "name": "PUSD",
    "website": "https://app.polyquity.org/",
    "description": "PUSD is a completely decentralized stablecoin minted by staking Matic on Polygon network. PUSD is the USD-pegged stablecoin used to pay out loans on the PolyQuity protocol.",
    "explorer": "https://polygonscan.com/token/0x9af3b7dc29d3c4b1a5731408b6a9656fa7ac3b72",
    "type": "POLYGON",
    "symbol": "PUSD",
    "decimals": 18,
    "status": "active",
    "id": "0x9aF3b7DC29D3C4B1A5731408B6A9656fA7aC3b72",
    "links": [
        {
            "name": "github",
            "url": "https://github.com/PolyQuity/contracts"
        },
        {
            "name": "twitter",
            "url": "https://twitter.com/polyquity_org"
        },
        {
            "name": "coingecko",
            "url": "https://coingecko.com/en/coins/pusd/"
        },
        {
            "name": "medium",
            "url": "https://medium.com/@polyquity"
        },
        {
            "name": "telegram",
            "url": "https://t.me/polyquityorg"
        }
    ]
}