{
    "name": "GameStation",
    "type": "POLYGON",
    "symbol": "GAMER",
    "decimals": 18,
    "website": "https://www.gamestation.io/",
    "description": "GameStation is a decentralized multi-chain gaming launchpad and marketplace.",
    "explorer": "https://polygonscan.com/token/0x3f6b3595ecF70735D3f48D69b09C4E4506DB3F47",
    "status": "active",
    "id": "0x3f6b3595ecF70735D3f48D69b09C4E4506DB3F47",
    "links": [
        {
            "name": "twitter",
            "url": "https://twitter.com/gamestationio"
        },
        {
            "name": "telegram",
            "url": "https://t.me/gamestationio_official"
        },
        {
            "name": "medium",
            "url": "https://medium.com/gamestationio"
        }
    ]
}