{
    "name": "PAID Network",
    "website": "https://paidnetwork.com/#token",
    "description": "PAID Network is a comprehensive business toolkit for business transaction needs.",
    "explorer": "https://bscscan.com/token/0xad86d0e9764ba90ddd68747d64bffbd79879a238",
    "type": "BEP20",
    "symbol": "PAID",
    "decimals": 18,
    "status": "active",
    "id": "0xAD86d0E9764ba90DDD68747D64BFfBd79879a238",
    "links": [
        {
            "name": "twitter",
            "url": "https://twitter.com/paid_network"
        },
        {
            "name": "medium",
            "url": "https://paidnetwork.medium.com"
        },
        {
            "name": "github",
            "url": "https://github.com/PAIDNetwork"
        }
    ]
}