{
    "name": "Foliowatch",
    "type": "BEP20",
    "symbol": "Fwatch",
    "decimals": 18,
    "website": "https://foliowatch.net",
    "description": "Foliowatch is the first smart Defi Dashboard with LP management on the Binance Smartchain. It is Portfolio and liquidity pool performance watch plus yield farming, Fully decentralized.",
    "explorer": "https://bscscan.com/token/0x5CdCB6C1A30F59D59393D1629172634056E0461C",
    "status": "active",
    "id": "0x5CdCB6C1A30F59D59393D1629172634056E0461C"
}