{
    "name": "BTFDEX Token",
    "type": "BEP20",
    "symbol": "BTF",
    "decimals": 18,
    "website": "https://btfdex.com",
    "description": "BTFDEX Token (BTF) - Native token of BTFDEX, a decentralized exchange AMM on Binance Smart Chain, with a total supply of 1,000,000,000 BTF. BTFDEX provides Staking, Farming, Swapping and more on Binance Smart Chain (BSC).",
    "explorer": "https://bscscan.com/token/0x64Df6F1BDf3aE5924595B6E608c251306BEf0c0F",
    "status": "active",
    "id": "0x64Df6F1BDf3aE5924595B6E608c251306BEf0c0F"
}