{
    "name": "NFTY Token",
    "website": "https://nftynetwork.io",
    "description": "NFTY is a multi-chain NFT and Web3 authentication network.",
    "explorer": "https://bscscan.com/token/0x5774b2fc3e91af89f89141eacf76545e74265982",
    "type": "BEP20",
    "symbol": "NFTY",
    "decimals": 18,
    "status": "active",
    "id": "0x5774B2fc3e91aF89f89141EacF76545e74265982",
    "tags": [
        "nft",
        "defi"
    ],
    "links": [
        {
            "name": "twitter",
            "url": "https://twitter.com/nftynetwork"
        },
        {
            "name": "telegram",
            "url": "https://t.me/NFTYChat"
        }
    ]
}