{
    "name": "Hungry Bear",
    "website": "https://hungrybear.finance",
    "description": "Hungry Bear is token driven and supported by it's community. Two functions occur during each trade: Reflection & Burn.",
    "explorer": "https://bscscan.com/token/0x812Ff2420EC87eB40Da80a596f14756ACf98Dacc",
    "research": "",
    "type": "BEP20",
    "symbol": "HUNGRY",
    "decimals": 8,
    "status": "active",
    "id": "0x812Ff2420EC87eB40Da80a596f14756ACf98Dacc",
    "tags": [
        "deflationary"
    ],
    "links": [
        {
            "name": "twitter",
            "url": "https://twitter.com/BSCBear"
        },
        {
            "name": "telegram",
            "url": "https://t.me/HungryBearFinance"
        },
        {
            "name": "reddit",
            "url": "https://reddit.com/r/HungryBear/"
        }
    ]
}