{
    "name": "KING SHIBA",
    "type": "BEP20",
    "symbol": "KINGSHIB",
    "decimals": 9,
    "website": "https://www.kingshibaofficial.com/",
    "description": "The King of the Shiba Kingdom has arrived to the Binance Smart Chain to provide. His subjects protection for their investments and rewards for their fealty. King Shiba banishes all reward tokens from his lands, instead providing the kingdom reflection and daily burns to give it the best chance to moon.",
    "explorer": "https://bscscan.com/token/0x84F4f7cdb4574C9556A494DaB18ffc1D1D22316C",
    "status": "active",
    "id": "0x84F4f7cdb4574C9556A494DaB18ffc1D1D22316C",
    "links": [
        {
            "name": "twitter",
            "url": "https://twitter.com/KINGSHIBABSC"
        },
        {
            "name": "medium",
            "url": "https://kingshiba.medium.com/"
        },
        {
            "name": "whitepaper",
            "url": "https://88c7aa29-9453-4945-9104-cf4128243fe2.filesusr.com/ugd/df6cf8_0b5e22e276bb4c41897c84cc67945195.pdf"
        },
        {
            "name": "coinmarketcap",
            "url": "https://coinmarketcap.com/currencies/king-shiba/"
        },
        {
            "name": "coingecko",
            "url": "https://coingecko.com/en/coins/king-shiba"
        },
        {
            "name": "telegram",
            "url": "https://t.me/KINGOFSHIBA"
        },
        {
            "name": "github",
            "url": "https://github.com/Sperlo64/KING-SHIBA"
        }
    ]
}