{
    "name": "SAINT Token",
    "website": "https://www.saint-token.com",
    "description": "Saint is a decentralized deflationary auto-staking & yield farming protocol, owned by the community with a charitable focus based on social experimentation. Ownership renounced, liquidity burned! The community run this token with dev support.",
    "explorer": "https://bscscan.com/token/0x3da67ae8fcf0b733d799f65b2695d650ea11112a",
    "type": "BEP20",
    "symbol": "Saint",
    "decimals": 9,
    "status": "active",
    "id": "0x3Da67Ae8fcF0B733d799f65B2695d650eA11112A"
}