{
    "name": "NFTBooks",
    "website": "https://nftbooks.info",
    "description": "NFTBooks envisions to transform the world of book-readings, making it become more affordable and more accessible to many people.",
    "explorer": "https://bscscan.com/token/0x3279510E89600ee1767a037DBD0aD49c974063AE",
    "type": "BEP20",
    "symbol": "NFTBS",
    "decimals": 9,
    "status": "active",
    "id": "0x3279510E89600ee1767a037DBD0aD49c974063AE",
    "links": [
        {
            "name": "github",
            "url": "https://github.com/nftbs"
        },
        {
            "name": "twitter",
            "url": "https://twitter.com/nftbstoken"
        },
        {
            "name": "reddit",
            "url": "https://reddit.com/r/Nftbooks/"
        },
        {
            "name": "whitepaper",
            "url": "https://github.com/nftbs/Whitepaper/blob/477ac26b4824162d2e0e4fc7aad103a7aa74ee55/NFTBS_Whitepaper.pdf"
        },
        {
            "name": "telegram",
            "url": "https://t.me/nftbs"
        },
        {
            "name": "telegram_news",
            "url": "https://t.me/nftbsnews"
        },
        {
            "name": "medium",
            "url": "https://nftbs.medium.com/"
        },
        {
            "name": "facebook",
            "url": "https://facebook.com/nftbs"
        },
        {
            "name": "youtube",
            "url": "https://youtube.com/channel/UC9sNyHb5tn3VXCftusc6gTg"
        },
        {
            "name": "coinmarketcap",
            "url": "https://coinmarketcap.com/currencies/nftbooks/"
        },
        {
            "name": "coingecko",
            "url": "https://coingecko.com/en/coins/nftbooks"
        }
    ]
}