{
    "name": "PYQ",
    "website": "https://app.polyquity.org/",
    "description": "PolyQuity is a decentralized borrowing protocol that allows users to draw interest-free loans against Matic used as collateral.",
    "explorer": "https://polygonscan.com/token/0x5a3064cbdccf428ae907796cf6ad5a664cd7f3d8",
    "type": "POLYGON",
    "symbol": "PYQ",
    "decimals": 18,
    "status": "active",
    "id": "0x5a3064CbDCCF428ae907796cF6aD5a664CD7F3d8",
    "links": [
        {
            "name": "github",
            "url": "https://github.com/PolyQuity/contracts"
        },
        {
            "name": "twitter",
            "url": "https://twitter.com/polyquity_org"
        },
        {
            "name": "coingecko",
            "url": "https://coingecko.com/en/coins/polyquity/"
        },
        {
            "name": "medium",
            "url": "https://medium.com/@polyquity"
        },
        {
            "name": "telegram",
            "url": "https://t.me/polyquityorg"
        }
    ]
}