{
    "name": "Equalizer",
    "type": "POLYGON",
    "symbol": "EQZ",
    "decimals": 18,
    "website": "https://www.equalizer.finance/",
    "description": "Equalizer is the first dedicated flash loan marketplace that can handle the rising demand for DeFi lending and borrowing. It sets itself apart by offering the lowest fees and transaction costs, a virtually unlimited choice of token vaults, high liquidity through yield farming, scalable, multi-chain infrastructure, and integration friendly.",
    "explorer": "https://polygonscan.com/token/0xEAf631ac57F3CDDDd261770dD47F85066131a156",
    "status": "active",
    "id": "0xEAf631ac57F3CDDDd261770dD47F85066131a156",
    "links": [
        {
            "name": "twitter",
            "url": "https://twitter.com/EqualizerFlash"
        },
        {
            "name": "github",
            "url": "https://github.com/Equalizer-Finance"
        },
        {
            "name": "telegram",
            "url": "https://t.me/EqualizerFlash"
        },
        {
            "name": "medium",
            "url": "https://equalizer-finance.medium.com/"
        },
        {
            "name": "docs",
            "url": "https://docs.equalizer.finance/"
        }
    ]
}
