{
    "name": "PocMon",
    "website": "https://pocmons.com/",
    "description": "The PocMon Gaming NFT Ecosystem is designed to meet all kinds of decentralised gaming requests: from NFTs discovery, minting and trading to game currencies exchange, lootboxes and blockchain games store.",
    "explorer": "https://bscscan.com/token/0x8888818f35BbeD1C632364bf1b15446FAD088888",
    "type": "BEP20",
    "symbol": "MON",
    "decimals": 9,
    "status": "active",
    "id": "0x8888818f35BbeD1C632364bf1b15446FAD088888",
    "links": [
        {
            "name": "github",
            "url": "https://github.com/Pocmoncom"
        },
        {
            "name": "telegram",
            "url": "https://t.me/pocmoncom"
        },
        {
            "name": "twitter",
            "url": "https://twitter.com/pocmoncom"
        },
        {
            "name": "whitepaper",
            "url": "https://pocmoncom.gitbook.io/pocmon/"
        }
    ]
}