{
    "name": "BirdChain",
    "website": "https://www.birdchainapp.com/",
    "description": "Birdchain is base in the era of sharing Economy allowing users to benefit greatly by using blockchain tech. Birdchain has multiple products such as DEFI, NFT, etc. Birdchain has currently built an incentivized App that revolves around an easy-to-use, high-engagement, marketing & content platform where users engage with content and get rewarded. we are working to add more use cases to the token. such as incentivize users for liquidity provision to the Birdchainswap defi platform.",
    "explorer": "https://bscscan.com/token/0xC9c7C6A590E82C576de7553142d47a5fb63f9e90",
    "type": "BEP20",
    "symbol": "BIRD",
    "decimals": 18,
    "status": "active",
    "id": "0xC9c7C6A590E82C576de7553142d47a5fb63f9e90"
}