{
    "name": "Benchmark Protocol",
    "type": "ERC20",
    "symbol": "MARK",
    "decimals": 9,
    "website": "https://benchmarkprotocol.finance",
    "description": "Benchmark Protocol mitigates liquidation events and hedges risk with the MARK token; a supply elastic, stablecoin-alternative that connects traditional capital markets to DeFi.",
    "explorer": "https://etherscan.io/token/0x67c597624B17b16fb77959217360B7cD18284253",
    "status": "active",
    "id": "0x67c597624B17b16fb77959217360B7cD18284253",
    "links": [
        {
            "name": "twitter",
            "url": "https://twitter.com/Benchmark_Defi"
        }
    ]
}