{
    "name": "Catcoin Token V2",
    "type": "BEP20",
    "symbol": "CATS",
    "decimals": 0,
    "website": "https://www.catcoincrypto.me/",
    "description": "World's Best Community Driven Coin",
    "explorer": "https://bscscan.com/token/0x2f0c6e147974BfbF7Da557b88643D74C324053A2",
    "status": "active",
    "id": "0x2f0c6e147974BfbF7Da557b88643D74C324053A2",
    "links": [
        {
            "name": "twitter",
            "url": "https://twitter.com/catcoinbsc"
        },
        {
            "name": "telegram",
            "url": "https://t.me/catcoin_bsc"
        },
        {
            "name": "coinmarketcap",
            "url": "https://coinmarketcap.com/currencies/catcoin-token/"
        },
        {
            "name": "source_code",
            "url": "https://github.com/catcointoken-cats/"
        }
    ],
    "tags": [
        "deflationary"
    ]
}