{
    "name": "Rhyme$ick Coin",
    "website": "https://www.rhymesickco.in/",
    "description": "The RSC coin is our introduction to the crypto world and the first of many “SMART COINS” to follow with real world applications and utility! These Smart Coins will target specific sectors of business including Music, Life Insurance, Business Loans, Banking, Entertainment, NFTs, Collectibles, Sports, Car and Home Savings, etc — and with star-power of RSC, will be the first to know about future coins! That means future gains for savvy investors.",
    "explorer": "https://bscscan.com/token/0x9641C1eee00471f7dA822167F6CF77202356179a",
    "type": "BEP20",
    "symbol": "R$C",
    "decimals": 9,
    "status": "active",
    "id": "0x9641C1eee00471f7dA822167F6CF77202356179a"
}