{
    "name": "BabyPooCoin",
    "type": "BEP20",
    "symbol": "BabyPoo",
    "decimals": 9,
    "website": "https://babypoo.io/",
    "description": "BabyPooCoin is a rewards token ran on the Binance Smart Chain, holders receive rewards in the form of the native utility token of the charting platform PooCoin",
    "explorer": "https://bscscan.com/token/0x38895e0b3E7cD13C45BD4E93aF5a402604B762E3",
    "status": "active",
    "id": "0x38895e0b3E7cD13C45BD4E93aF5a402604B762E3",
    "links": [
        {
            "name": "twitter",
            "url": "https://twitter.com/babypootoken"
        },
        {
            "name": "telegram",
            "url": "https://t.me/OfficialBabyPooCoin"
        },
        {
            "name": "whitepaper",
            "url": "https://docs.google.com/document/d/e/2PACX-1vR_0Rsw-7v1gJb-o8HOC19CACTeAvS5WcH3QwTbuT92KqFJC4QQ6j9MzXtyuHGnyfWnhTajz-Gt6nIr/pub"
        },
        {
            "name": "github",
            "url": "https://github.com/BabyPooCoin"
        },
        {
            "name": "youtube",
            "url": "https://youtube.com/channel/UCV9YjEODqaU2jDEFj3tehFg"
        },
        {
            "name": "coinmarketcap",
            "url": "https://coinmarketcap.com/currencies/baby-poocoin/"
        },
        {
            "name": "coingecko",
            "url": "https://coingecko.com/en/coins/baby-poocoin"
        }
    ]
}