{
    "name": "Fish",
    "symbol": "FISH",
    "type": "POLYGON",
    "decimals": 18,
    "description": "Value-oriented, economically sustainable hybrid yield aggregator on Polygon.",
    "website": "https://polycat.finance",
    "explorer": "https://polygonscan.com/token/0x3a3df212b7aa91aa0402b9035b098891d276572b",
    "status": "active",
    "id": "0x3a3Df212b7AA91Aa0402B9035b098891d276572B",
    "links": [
        {
            "name": "twitter",
            "url": "https://twitter.com/PolycatFinance"
        },
        {
            "name": "github",
            "url": "https://github.com/polycatfi"
        },
        {
            "name": "telegram",
            "url": "https://t.me/PolycatFinance"
        },
        {
            "name": "coinmarketcap",
            "url": "https://coinmarketcap.com/currencies/polycat-finance/"
        },
        {
            "name": "coingecko",
            "url": "https://coingecko.com/en/coins/polycat-finance/"
        }
    ]
}