{
    "name": "SafeDancer",
    "website": "https://safedancer.net/",
    "description": "SafeDancer is programmed to reward holders and built on transparency and trust. We are being audited and will be open with our community with frequent AMA's, questions and more.",
    "explorer": "https://bscscan.com/token/0x0586933D1aA2fA2E732d23C3C229e6151aC6C0d4",
    "type": "BEP20",
    "symbol": "$DANCE",
    "decimals": 18,
    "status": "active",
    "id": "0x0586933D1aA2fA2E732d23C3C229e6151aC6C0d4"
}