{
    "name": "Route",
    "website": "https://www.routerprotocol.com/",
    "description": "Router Protocol is a crosschain-liquidity aggregator platform that was built to seamlessly provide bridging infrastructure between current and emerging Layer 1 and Layer 2 blockchain solutions.",
    "explorer": "https://polygonscan.com/token/0x16eccfdbb4ee1a85a33f3a9b21175cd7ae753db4",
    "type": "POLYGON",
    "symbol": "ROUTE",
    "decimals": 18,
    "status": "active",
    "id": "0x16ECCfDbb4eE1A85A33f3A9B21175Cd7Ae753dB4",
    "links": [
        {
            "name": "github",
            "url": "https://github.com/router-protocol"
        },
        {
            "name": "twitter",
            "url": "https://twitter.com/routerprotocol"
        },
        {
            "name": "coingecko",
            "url": "https://coingecko.com/en/coins/route/"
        },
        {
            "name": "medium",
            "url": "https://routerprotocol.medium.com/"
        },
        {
            "name": "telegram",
            "url": "https://t.me/routerprotocol"
        }
    ]
}