{
    "name": "Anji",
    "type": "BEP20",
    "symbol": "ANJI",
    "decimals": 9,
    "website": "https://www.anji.eco/",
    "description": "Anji sets a new precedent with the worlds first smart contract dividends protocol. Growth powered by the community and ecosystem.",
    "explorer": "https://bscscan.com/token/0xfc619FfCc0e0F30427BF938f9A1B2BfAE15bDf84",
    "status": "active",
    "id": "0xfc619FfCc0e0F30427BF938f9A1B2BfAE15bDf84",
    "links": [
        {
            "name": "coinmarketcap",
            "url": "https://coinmarketcap.com/currencies/anji/"
        },
        {
            "name": "coingecko",
            "url": "https://coingecko.com/en/coins/anji"
        }
    ]
}