{
    "name": "HyperChain X",
    "type": "BEP20",
    "symbol": "HYPER",
    "decimals": 7,
    "website": "https://hyperchainx.com/",
    "description": "Hyperchain X is the world’s first community driven token in gaming. The goal is to create a crypto gaming platform with an all-in-one application consisting of elements like: buy-in tournaments, 1 vs 1 high stake battles, league creation options for esport teams, live streams and an NFT marketplace that is unseen in this space.",
    "explorer": "https://bscscan.com/token/0x0469F8Ca65Ce318888cc0d6459d0c7cbe5912c98",
    "status": "active",
    "id": "0x0469F8Ca65Ce318888cc0d6459d0c7cbe5912c98",
    "links": [
        {
            "name": "twitter",
            "url": "https://twitter.com/HyperchainX"
        },
        {
            "name": "telegram",
            "url": "https://t.me/hyperchainx"
        }
    ]
}