{
    "name": "EverETH",
    "website": "https://evereth.net",
    "description": "EverETH is a native utility token that is used for recieving dividends in Ethereum.",
    "explorer": "https://bscscan.com/token/0x16dCc0eC78E91e868DCa64bE86aeC62bf7C61037",
    "type": "BEP20",
    "symbol": "EverETH",
    "decimals": 9,
    "status": "active",
    "id": "0x16dCc0eC78E91e868DCa64bE86aeC62bf7C61037",
    "links": [
        {
            "name": "twitter",
            "url": "https://twitter.com/EverETHofficial"
        },
        {
            "name": "facebook",
            "url": "https://facebook.com/EverETHofficial"
        },
        {
            "name": "telegram",
            "url": "https://t.me/EverETHofficial"
        }
    ]
}