{
    "name": "dexIRA",
    "type": "BEP20",
    "symbol": "DEX",
    "decimals": 9,
    "website": "https://www.dexira.com",
    "description": "dexIRA provides fully automated BNB redistribution, multi-currency dividend rewards, advanced buyback protocols, and tokenomics that promote longterm holding",
    "explorer": "https://bscscan.com/token/0x147E07976E1ae78287c33aAFAab87760d32E50A5",
    "status": "active",
    "id": "0x147E07976E1ae78287c33aAFAab87760d32E50A5",
    "links": [
        {
            "name": "twitter",
            "url": "https://twitter.com/dexiratoken"
        },
        {
            "name": "github",
            "url": "https://github.com/dexira"
        },
        {
            "name": "telegram",
            "url": "https://t.me/dexira"
        },
        {
            "name": "reddit",
            "url": "https://reddit.com/r/dexIRAtoken"
        },
        {
            "name": "whitepaper",
            "url": "https://dexira.com/whitepaper"
        },
        {
            "name": "medium",
            "url": "https://medium.com/@dexIRA"
        }
    ]
}