{
    "name": "GAMEE Token",
    "website": "https://token.gamee.com",
    "description": "The GAMEE Token is an ERC-20 utility token that is designed to be the currency of purchase, utility and reward in supported play-to-earn games provided on the GAMEE entertainment platform.",
    "explorer": "https://polygonscan.com/token/0xcf32822ff397Ef82425153a9dcb726E5fF61DCA7",
    "type": "POLYGON",
    "symbol": "GMEE",
    "decimals": 18,
    "status": "active",
    "id": "0xcf32822ff397Ef82425153a9dcb726E5fF61DCA7",
    "links": [
        {
            "name": "discord",
            "url": "https://discord.com/p5ZYTVJeQz"
        },
        {
            "name": "twitter",
            "url": "https://twitter.com/GAMEEToken"
        },
        {
            "name": "coingecko",
            "url": "https://coingecko.com/en/coins/gamee"
        },
        {
            "name": "medium",
            "url": "https://gamee.medium.com/"
        },
        {
            "name": "coinmarketcap",
            "url": "https://coinmarketcap.com/currencies/gamee/"
        },
        {
            "name": "telegram",
            "url": "https://t.me/gameetoken"
        }
    ]
}