{
    "name": "Polkalokr",
    "type": "BEP20",
    "symbol": "LKR",
    "decimals": 18,
    "website": "https://polkalokr.com",
    "description": "Simplifying blockchain for individuals and businesses of all sizes - from new projects to enterprises - Polkalokr's solutions provide an on-ramp into crypto with no coding required.",
    "explorer": "https://bscscan.com/token/0xA5Ff48e326958E0CE6FdF9518de561F2B5f57dA3",
    "status": "active",
    "id": "0xA5Ff48e326958E0CE6FdF9518de561F2B5f57dA3",
    "links": [
        {
            "name": "twitter",
            "url": "https://twitter.com/Polkalokr"
        },
        {
            "name": "github",
            "url": "https://github.com/Polkalokr"
        },
        {
            "name": "telegram",
            "url": "https://t.me/Polkalokr"
        },
        {
            "name": "telegram_news",
            "url": "https://t.me/polkalokrannouncements"
        },
        {
            "name": "blog",
            "url": "https://medium.com/polkalokr"
        },
        {
            "name": "medium",
            "url": "https://medium.com/polkalokr"
        },
        {
            "name": "coinmarketcap",
            "url": "https://coinmarketcap.com/currencies/polkalokr/"
        },
        {
            "name": "coingecko",
            "url": "https://coingecko.com/polkalokr"
        }
    ]
}