{
    "name": "Nabox Token",
    "website": "https://nabox.io/",
    "description": "Nabox aims to allow users to utilize their digital assets across chains at the click of a button.",
    "explorer": "https://bscscan.com/token/0x755f34709E369D37C6Fa52808aE84A32007d1155",
    "type": "BEP20",
    "symbol": "NABOX",
    "decimals": 18,
    "status": "active",
    "id": "0x755f34709E369D37C6Fa52808aE84A32007d1155",
    "links": [
        {
            "name": "telegram",
            "url": "https://t.me/naboxcommunity"
        },
        {
            "name": "twitter",
            "url": "https://twitter.com/naboxwallet"
        },
        {
            "name": "coinmarketcap",
            "url": "https://coinmarketcap.com/currencies/nabox/"
        }
    ]
} 