{
    "name": "ISLAMICOIN",
    "symbol": "ISLAMI",
    "type": "POLYGON",
    "decimals": 7,
    "description": "ISLAMICOIN A Cryptocurrency For The Global Muslim Community",
    "website": "https://islamicoin.finance",
    "explorer": "https://polygonscan.com/token/0x9c891326fd8b1a713974f73bb604677e1e63396d",
    "status": "active",
    "id": "0x9c891326Fd8b1a713974f73bb604677E1E63396D",
    "links": [
        {
            "name": "twitter",
            "url": "https://twitter.com/islamicoin"
        },
        {
            "name": "github",
            "url": "https://github.com/islamiblockchain"
        },
        {
            "name": "telegram",
            "url": "https://t.me/islamicoin1"
        },
        {
            "name": "telegram_news",
            "url": "https://t.me/islamicoinchat"
        },
        {
            "name": "facebook",
            "url": "https://facebook.com/islamicoin"
        },
        {
            "name": "source_code",
            "url": "https://github.com/ISLAMIBLOCKCHAIN/ISLAMICOIN/blob/main/contracts/ISLAMICOIN.sol"
        },
        {
            "name": "whitepaper",
            "url": "https://secureservercdn.net/160.153.137.40/mmc.19a.myftpupload.com/wp-content/uploads/2021/09/islamicoinE.pdf"
        },
        {
            "name": "youtube",
            "url": "https://youtube.com/channel/UCPdg9Cx2g9DyTR_xD5S_lXA"
        },
        {
            "name": "medium",
            "url": "https://medium.com/@islamicoin"
        }
    ]
}