{
    "name": "DeltaChain Token",
    "symbol": "DELTA",
    "type": "ERC20",
    "decimals": 8,
    "description": "DeltaChain inherits and develops the Ethereum technology platform, with open source P2P accelerates all transactions quickly, minimises risk, enhances high security, and does not involve any third parties.",
    "website": "https://deltachain.tech/",
    "explorer": "https://etherscan.io/token/0xDE1E0AE6101b46520cF66fDC0B1059c5cC3d106c",
    "status": "active",
    "id": "0xDE1E0AE6101b46520cF66fDC0B1059c5cC3d106c"
}