{
    "name": "AETHERIUS TOKEN",
    "type": "BEP20",
    "symbol": "AETH",
    "decimals": 9,
    "website": "https://aeth.finance/",
    "description": "Aetherius is a new crypto-mining project looking to give investors all the experience, infrastructure, energy and a steady flow of passive income necessary to start each investor as a miner.",
    "explorer": "https://bscscan.com/token/0x5A3B6f18Dc79D50ab208af2fCd61D10BF7e4896F",
    "status": "active",
    "id": "0x5A3B6f18Dc79D50ab208af2fCd61D10BF7e4896F",
    "links": [
        {
            "name": "twitter",
            "url": "https://twitter.com/Token_AETH"
        },
        {
            "name": "telegram",
            "url": "https://t.me/aetheriustoken_eng"
        }
    ],
    "tags": [
        "staking"
    ]
}