{
    "name": "MaskDoge Coin",
    "website": "https://www.maskdogecoin.io",
    "description": "MaskDoge is a deflationary, liquidity auto-growing and community-driven DeFi token. It is featured with anti-rugpull and anti-whale mechanisms. It also has a charity wallet which will be used to support charities around the globe.",
    "explorer": "https://bscscan.com/token/0x18ff245c134d9daa6fed977617654490ba4da526",
    "type": "BEP20",
    "symbol": "MASKDOGE",
    "decimals": 9,
    "status": "active",
    "id": "0x18fF245c134D9DAA6fED977617654490ba4DA526",
    "links": [
        {
            "name": "twitter",
            "url": "https://twitter.com/TheMaskDogeCoin"
        },
        {
            "name": "telegram",
            "url": "https://t.me/maskdogeofficial"
        },
        {
            "name": "discord",
            "url": "https://discord.com/invite/SJrrUjCARN"
        },
        {
            "name": "reddit",
            "url": "https://reddit.com/r/MaskDoge"
        },
        {
            "name": "coingecko",
            "url": "https://coingecko.com/en/coins/maskdoge"
        },
        {
            "name": "coinmarketcap",
            "url": "https://coinmarketcap.com/currencies/maskdoge"
        }
    ]
}