{
    "name": "Binance-Peg Celer Token",
    "symbol": "CELR",
    "type": "BEP20",
    "decimals": 18,
    "description": "Binance-Peg Celer Token (CELR BEP20) is a token issued by Binance on Smart Chain; its price is pegged to Celer (CELR ERC20) at a ratio of 1:1.",
    "website": "https://www.celer.network/#",
    "explorer": "https://bscscan.com/token/0x1f9f6a696c6fd109cd3956f45dc709d2b3902163",
    "status": "active",
    "id": "0x1f9f6a696C6Fd109cD3956F45dC709d2b3902163",
    "tags": [
        "binance-peg"
    ]
}