{
    "name": "Buff Shiba Inu",
    "type": "BEP20",
    "symbol": "BUFFSHIBA",
    "decimals": 9,
    "website": "https://buffshibainu.io",
    "description": "Buff Shiba Inu, a community-driven token that empowers small and non-private investors to build stronger portfolios.",
    "explorer": "https://bscscan.com/token/0xf2673f49d2737f97d70995eD43D128E0B8E560c5",
    "status": "active",
    "id": "0xf2673f49d2737f97d70995eD43D128E0B8E560c5",
    "links": [
        {
            "name": "twitter",
            "url": "https://twitter.com/buffshibainu"
        },
        {
            "name": "github",
            "url": "https://github.com/buffshibainu"
        },
        {
            "name": "telegram",
            "url": "https://t.me/buffshibainu"
        },
        {
            "name": "telegram_news",
            "url": "https://t.me/buffshibachannel"
        },
        {
            "name": "reddit",
            "url": "https://reddit.com/r/buffshibainu"
        }
    ]
}