{
    "name": "Berry Data",
    "type": "BEP20",
    "symbol": "BRY",
    "decimals": 18,
    "website": "https://berrydata.co/",
    "description": "Berry Data is a transparent community-veriﬁed price oracle on BSC(Binance Smart Chain). ",
    "explorer": "https://bscscan.com/token/0xf859Bf77cBe8699013d6Dbc7C2b926Aaf307F830",
    "status": "active",
    "id": "0xf859Bf77cBe8699013d6Dbc7C2b926Aaf307F830",
    "links": [
        {
            "name": "github",
            "url": "https://github.com/berrydata"
        },
        {
            "name": "twitter",
            "url": "https://twitter.com/berry_data"
        },
        {
            "name": "telegram",
            "url": "https://t.me/berrydata"
        }
    ]
}