{
    "name": "Offshore Plan",
    "type": "BEP20",
    "symbol": "OPC",
    "decimals": 18,
    "website": "https://www.douglas-amc.org",
    "description": "The Offshore Plan is an offshore plan launched by the Bulgarian DSK Bank institution for the offshore financing of South Korea and Bulgaria. It promotes a more complete regulatory system in the global cryptocurrency market, and has a stronger effect on cross-border remittances and offshore finance. A digital economic alliance with border circulation, value open sharing, and industrial collaborative innovation.",
    "explorer": "https://bscscan.com/token/0xDD3162aD2185928bf3D92Bc05174Aa442E7382Ef",
    "status": "active",
    "id": "0xDD3162aD2185928bf3D92Bc05174Aa442E7382Ef",
    "links": [
        {
            "name": "twitter",
            "url": "https://twitter.com/DouglasAMC"
        },
        {
            "name": "telegram",
            "url": "https://t.me/OffshorePlanChian"
        }
    ],
    "tags": [
        "defi",
        "staking"
    ]
}