{
    "name": "Crypto Island",
    "type": "BEP20",
    "symbol": "CISLA",
    "decimals": 18,
    "website": "https://cryptoisland.group",
    "description": "CISLA is a community driven token set to buy and decentralize a private island which will be co-owned by its holders and supported by a community app.",
    "explorer": "https://bscscan.com/token/0x09d975C3351DBdED28617517FC6982284a787f03",
    "status": "active",
    "id": "0x09d975C3351DBdED28617517FC6982284a787f03",
    "links": [
        {
            "name": "twitter",
            "url": "https://twitter.com/Cryptoislandgr1"
        },
        {
            "name": "github",
            "url": "https://github.com/CryptoIslandgroup/"
        },
        {
            "name": "telegram",
            "url": "https://t.me/cryptoislandgroup"
        },
        {
            "name": "discord",
            "url": "https://discord.com/invite/274APUJTEQ"
        },
        {
            "name": "facebook",
            "url": "https://facebook.com/Cryptoislandgroup"
        },
        {
            "name": "coingecko",
            "url": "https://coingecko.com/nl/coins/crypto-island"
        }
    ]
}