{
    "name": "Hodl Finance Token",
    "website": "https://hodl.finance",
    "description": "Hodl Finance merges centralized and decentralized finance to create a sustainable ecosystem for constant innovation. By combining the best aspects of community governance and a transparent foundation, the growth of the community and ecosystem is ensured.",
    "explorer": "https://bscscan.com/token/0x186866858aEf38c05829166A7711b37563e15994",
    "type": "BEP20",
    "symbol": "HFT",
    "decimals": 9,
    "status": "active",
    "id": "0x186866858aEf38c05829166A7711b37563e15994",
    "links": [
        {
            "name": "telegram",
            "url": "https://t.me/HodlFinanceAnn"
        },
        {
            "name": "twitter",
            "url": "https://twitter.com/HFToken"
        },
        {
            "name": "coinmarketcap",
            "url": "https://coinmarketcap.com/currencies/hodl-finance/"
        },
        {
            "name": "medium",
            "url": "https://medium.com/@hodl.finance"
        }
    ]
}