{
    "name": "NewBTC",
    "website": "https://www.newbtc.one/",
    "description": "NBTC is a new version of Bitcoin that solves all issues of traditional Bitcoin and adds unique features to it. It is based on Binance Smart Chain technology which is faster, cheaper, and environment-friendly for daily use.",
    "explorer": "https://bscscan.com/token/0xbe878cffb39a347a70809b5d98b65dd85de2e37b",
    "type": "BEP20",
    "symbol": "NBTC",
    "decimals": 9,
    "status": "active",
    "id": "0xBE878cffB39A347A70809b5D98B65Dd85De2e37B"
}