{
    "name": "CryptoFrog.Finance",
    "website": "https://cryptofrog.finance",
    "description": "CryptoFrog.Finance is the first collectible frog NFT and a yield farming project on Binance Smart Chain.",
    "explorer": "https://bscscan.com/token/0xC808592e5b4585F982bc728d63b227634bc007a4",
    "type": "BEP20",
    "symbol": "FROG",
    "decimals": 18,
    "status": "active",
    "id": "0xC808592e5b4585F982bc728d63b227634bc007a4",
    "links": [
        {
            "name": "github",
            "url": "https://github.com/cryptofrogfinance"
        },
        {
            "name": "twitter",
            "url": "https://twitter.com/CryptoFrogFi"
        },
        {
            "name": "telegram",
            "url": "https://t.me/cryptofrogfinance"
        },
        {
            "name": "medium",
            "url": "https://cryptofrogfinance.medium.com"
        }
    ]
}