{
    "name": "Dusk Network",
    "symbol": "DUSK",
    "type": "BEP20",
    "decimals": 18,
    "description": "Dusk Network is technology for securities. An open source and secure blockchain (DLT) infrastructure that businesses use to tokenize financial instruments and automate costly processes.",
    "website": "https://dusk.network/",
    "explorer": "https://bscscan.com/token/0xb2bd0749dbe21f623d9baba856d3b0f0e1bfec9c",
    "status": "active",
    "id": "0xB2BD0749DBE21f623d9BABa856D3B0f0e1BFEc9C"
}