{
    "name": "Buff Doge Coin",
    "website": "https://www.buffdogecoin.io/",
    "description": "Buff Doge Coin is extremely hyper deflationary where each burn will double in its quantity to the previous burn.",
    "explorer": "https://bscscan.com/token/0x23125108bc4c63E4677b2E253Fa498cCb4B3298b",
    "symbol": "DOGECOIN",
    "type": "BEP20",
    "decimals": 9,
    "status": "active",
    "id": "0x23125108bc4c63E4677b2E253Fa498cCb4B3298b",
    "links": [
        {
            "name": "twitter",
            "url": "https://twitter.com/buffdogecoin"
        },
        {
            "name": "telegram",
            "url": "https://t.me/buffdogecoinofficial"
        },
        {
            "name": "whitepaper",
            "url": "https://3a97c7c4-e2f3-4738-aec8-31b07194fd17.filesusr.com/ugd/cc57ea_25faa44d9e2d4749b57ca81ca934f8b7.pdf"
        },
        {
            "name": "youtube",
            "url": "https://youtube.com/watch?v=czoMaDABMRI"
        },
        {
            "name": "coingecko",
            "url": "https://coingecko.com/en/coins/buff-doge-coin"
        },
        {
            "name": "coinmarketcap",
            "url": "https://coinmarketcap.com/currencies/buff-doge-coin/"
        }
    ]
}