{
    "name": "SIMP Token",
    "type": "BEP20",
    "symbol": "SIMP",
    "decimals": 6,
    "website": "https://letsallsimp.com",
    "description": "$SIMP is a frictionless farming token operating on the Binance Smart Chain, designed to power trust and transactions for Adult Entertainment Stars and their communities, starting by powering the existing PocketStars & RocketStars platforms.",
    "explorer": "https://bscscan.com/token/0xD0ACCF05878caFe24ff8b3F82F194C62Ed755707",
    "status": "active",
    "id": "0xD0ACCF05878caFe24ff8b3F82F194C62Ed755707",
    "links": [
        {
            "name": "coinmarketcap",
            "url": "https://coinmarketcap.com/currencies/simp-token/"
        },
        {
            "name": "twitter",
            "url": "https://twitter.com/letsallsimp"
        }
    ]
}