{
    "name": "DEUS",
    "website": "https://deus.finance/",
    "description": "DEUS Finance Evolution is a marketplace of decentralized financial services, where we provide the infrastructure for others to build financial instruments, such as synthetic stock trading platforms, options, and futures trading.",
    "explorer": "https://etherscan.io/token/0xDE5ed76E7c05eC5e4572CfC88d1ACEA165109E44",
    "type": "ERC20",
    "symbol": "DEUS",
    "decimals": 18,
    "status": "active",
    "id": "0xDE5ed76E7c05eC5e4572CfC88d1ACEA165109E44",
    "links": [
        {
            "name": "twitter",
            "url": "https://twitter.com/DeusDao"
        },
        {
            "name": "telegram",
            "url": "https://t.me/deusfinance"
        },
        {
            "name": "medium",
            "url": "https://medium.com/@deusfinance"
        }
    ]
} 