{
    "name": "OBRok Token",
    "type": "BEP20",
    "symbol": "OBROK",
    "decimals": 9,
    "website": "https://obroktoken.com",
    "description": "OBROk Token is Launched in 17.06.2021 and with limited supply, produced with the BEP-20(BSC) network. The working areas of the OBRok Token (OBROK) Team are * Metaverse * Web 3.0 * Aeronautical Sciences and Space * Renewable Energy",
    "explorer": "https://bscscan.com/token/0x205afd08cefe438377a0abc5a20cb4462e1a8c5c",
    "status": "active",
    "id": "0x205AFD08ceFe438377a0abC5a20Cb4462E1a8C5C",
    "links": [
        {
            "name": "twitter",
            "url": "https://twitter.com/Obroktoken"
        },
        {
            "name": "coinmarketcap",
            "url": "https://coinmarketcap.com/currencies/obrok-token/"
        },
        {
            "name": "coingecko",
            "url": "https://coingecko.com/en/coins/obrok/"
        },
        {
            "name": "whitepaper",
            "url": "https://obroktoken.com/white-paper/"
        }
    ],
    "tags": [
        "metaverse"
    ]
}
