{
    "name": "Binance-Peg Polkadot Token",
    "website": "https://polkadot.network",
    "description": "Polkadot is a blockchain project that aims to connect blockchains, to enable the transfer of value and logic across chains.",
    "explorer": "https://bscscan.com/token/0x7083609fCE4d1d8Dc0C979AAb8c869Ea2C873402",
    "research": "https://research.binance.com/en/projects/polkadot",
    "type": "BEP20",
    "symbol": "DOT",
    "decimals": 18,
    "status": "active",
    "id": "0x7083609fCE4d1d8Dc0C979AAb8c869Ea2C873402"
}