{
    "name": " Binance Wrapped WRX",
    "website": "https://binance.org",
    "description": "BWRX tokens are ERC20 tokens on the Ethereum network created via the Binance Token Canal program, where the price is pegged to WRX at a rate of 1 BWRX = 1 WRX.",
    "explorer": "https://etherscan.io/token/0xff0a024b66739357c4ed231fb3dbc0c8c22749f5",
    "research": "https://research.binance.com/en/projects/wazirx",
    "type": "ERC20",
    "symbol": "BWRX",
    "decimals": 8,
    "status": "active",
    "id": "0xFF0a024B66739357c4ED231fB3DBC0c8C22749F5"
}