{
    "name": "Scorpion Finance",
    "type": "BEP20",
    "symbol": "ScorpFin",
    "decimals": 18,
    "website": "https://www.scorpion-finance.com/",
    "description": "Scorpion Finance is one of the newest and forward-looking innovation projects in cryptocurrency platforms. Scorpion-finance aims to interconnect Blockchain services like Defi, NFT, Gaming, Payment and Marketplace under one seamless, responsive, and easy-to-use ecosystem.",
    "explorer": "https://bscscan.com/token/0x475C8dF9860E42605d9917f0a2E522cC861cbf82",
    "status": "active",
    "id": "0x475C8dF9860E42605d9917f0a2E522cC861cbf82",
    "links": [
        {
            "name": "coinmarketcap",
            "url": "https://coinmarketcap.com/currencies/scorpion-finance/"
        },
        {
            "name": "coingecko",
            "url": "https://coingecko.com/en/coins/scorpion-finance"
        }
    ]
}