{
    "name": "The xHunter",
    "website": "https://thexhunter.com/",
    "description": "The xHunter is a community driven platform that aims to bridge the gap between blockchain and the outdoors. Our goal is to be the gateway for all outdoor enthusiasts into the crypto world. This will be made possible through outdoor events, adventure store and our very own NFT game.",
    "explorer": "https://bscscan.com/token/0x487e464ed2f07306d5d0add219c7e13d3be9d867",
    "type": "BEP20",
    "symbol": "XHT",
    "decimals": 9,
    "status": "active",
    "id": "0x487E464ED2F07306D5D0ADd219c7e13d3be9D867",
    "links": [
        {
            "name": "discord",
            "url": "https://discord.com/invite/Q3j7yzsm"
        },
        {
            "name": "twitter",
            "url": "https://twitter.com/The_x_Hunter_"
        },
        {
            "name": "telegram",
            "url": "https://t.me/X_Hunter_tg"
        }
    ]
}