{
    "name": "Planet",
    "website": "https://xpace.finance/",
    "description": "A protocol built on Binance Smart Chain to boost rewards on liquidity mining on lower gas costs and utilizing incentivisation strategies, Supercharged NFT collectibles and community governance models.",
    "explorer": "https://bscscan.com/token/0x3abfc084a54e5f4e23196e1b9a9c48c3b3021519",
    "type": "BEP20",
    "symbol": "PLNT",
    "decimals": 18,
    "status": "active",
    "id": "0x3AbfC084a54E5f4e23196e1B9a9c48c3B3021519",
    "links": [
        {
            "name": "twitter",
            "url": "https://twitter.com/xpacefinance"
        },
        {
            "name": "telegram",
            "url": "https://t.me/xpacefinance"
        },
        {
            "name": "medium",
            "url": "https://xpacefinance.medium.com/"
        },
        {
            "name": "whitepaper",
            "url": "https://docdro.id/LWOMgmY"
        }
    ]
}