{
    "name": "Binance-Peg Elrond",
    "website": "https://elrond.com",
    "description": "Binance-Peg Elrond (EGLD BEP20) is a token issued by Binance on Smart Chain; its price is pegged to Elrond (EGLD) at a ratio of 1:1.",
    "explorer": "https://bscscan.com/token/0xbf7c81fff98bbe61b40ed186e4afd6ddd01337fe",
    "research": "https://messari.io/asset/elrond/profile",
    "type": "BEP20",
    "symbol": "EGLD",
    "decimals": 18,
    "status": "active",
    "id": "0xbF7c81FFF98BbE61B40Ed186e4AfD6DDd01337fe",
    "tags": [
        "binance-peg"
    ],
    "links": [
        {
            "name": "github",
            "url": "https://github.com/ElrondNetwork"
        },
        {
            "name": "twitter",
            "url": "https://twitter.com/ElrondNetwork"
        },
        {
            "name": "telegram",
            "url": "https://t.me/ElrondNetwork"
        },
        {
            "name": "blog",
            "url": "https://elrond.com/blog/"
        }
    ]
}