{
    "name": "Miss Doge",
    "website": "https://missdoge.net",
    "description": "Here's the magnificent Miss of Baby Doge 🐶 seeing her family members being famous, she couldn't bear with that and she knew this is the time for her show.",
    "explorer": "https://bscscan.com/token/0xA72Ff2B799324B042AE379809eE54dACE99db3A5",
    "type": "BEP20",
    "symbol": "MDOGE",
    "decimals": 9,
    "status": "active",
    "id": "0xA72Ff2B799324B042AE379809eE54dACE99db3A5",
    "tags": [
        "deflationary"
    ],
    "links": [
        {
            "name": "github",
            "url": "https://github.com/MissDoge"
        },
        {
            "name": "twitter",
            "url": "https://twitter.com/DogeMiss"
        },
        {
            "name": "telegram",
            "url": "https://t.me/missdoge"
        }
    ]
}