{
    "name": "BLOK",
    "website": "https://www.bloktopia.com/",
    "description": "Bloktopia is a Skyscraper Metaverse built and Backed by Polygon.",
    "explorer": "https://polygonscan.com/token/0x229b1b6C23ff8953D663C4cBB519717e323a0a84",
    "type": "POLYGON",
    "symbol": "BLOK",
    "decimals": 18,
    "status": "active",
    "id": "0x229b1b6C23ff8953D663C4cBB519717e323a0a84",
    "links": [
        {
            "name": "telegram",
            "url": "https://t.me/BloktopiaChat"
        },
        {
            "name": "twitter",
            "url": "https://twitter.com/bloktopia"
        },
        {
            "name": "coinmarketcap",
            "url": "https://coinmarketcap.com/currencies/bloktopia/"
        }
    ]
}  