{
    "name": "HyperChain",
    "type": "BEP20",
    "symbol": "HYPER",
    "decimals": 7,
    "website": "https://hyperchainx.com",
    "description": "Hyper Chain X is a community driven project that is out of this world! Great design, graphics, marketing and space gaming that will bring a new “Hype” to the market! NFTS, Merchandise and HYPER space E-Sports tournaments. Backed by a solid team.",
    "explorer": "https://bscscan.com/token/0x565D931cBa7C7E1af3925f77124D5e2d68311BBE",
    "status": "active",
    "id": "0x565D931cBa7C7E1af3925f77124D5e2d68311BBE"
}