{
    "name": "MRWEB",
    "symbol": "AMA",
    "type": "BEP20",
    "decimals": 18,
    "description": "MRweb is a peer-to-peer Internet currency that enables instant, near-zero cost payments to anyone in the world. MRweb is an open source.",
    "website": "https://mrweb.finance",
    "explorer": "https://bscscan.com/token/0xFC3dA4A1b6faDaB364039525dD2AB7c0c16521cd",
    "status": "active",
    "id": "0xFC3dA4A1b6faDaB364039525dD2AB7c0c16521cd",
    "links": [
        {
            "name": "github",
            "url": "https://github.com/Mrwebfi"
        },
        {
            "name": "whitepaper",
            "url": "https://mrweb.finance/WhitePaper.pdf"
        },
        {
            "name": "facebook",
            "url": "https://facebook.com/Mrweb-finance-108394238009953"
        },
        {
            "name": "telegram",
            "url": "https://t.me/mrwebfinance"
        },
        {
            "name": "telegram_news",
            "url": "https://t.me/Mrwebfinance_official"
        },
        {
            "name": "medium",
            "url": "https://mrwebfi.medium.com/"
        },
        {
            "name": "youtube",
            "url": "https://youtube.com/channel/UCvYLTpHvy4X-FE9Gp7H0gbw"
        },
        {
            "name": "coinmarketcap",
            "url": "https://coinmarketcap.com/currencies/mrweb-finance/"
        },
        {
            "name": "coingecko",
            "url": "https://coingecko.com/en/coins/mrweb-finance"
        },
        {
            "name": "twitter",
            "url": "https://twitter.com/MrwebFinance"
        },
        {
            "name": "reddit",
            "url": "https://reddit.com/r/Mrweb_Finance"
        }
    ]
}