{
    "name": "Telcoin",
    "website": "https://www.telco.in/",
    "description": "A cryptocurrency distributed by your mobile operator and accepted everywhere.",
    "explorer": "https://polygonscan.com/token/0xdf7837de1f2fa4631d716cf2502f8b230f1dcc32",
    "type": "POLYGON",
    "symbol": "TEL",
    "decimals": 2,
    "status": "active",
    "id": "0xdF7837DE1F2Fa4631D716CF2502f8b230F1dcc32",
    "links": [
        {
            "name": "github",
            "url": "https://github.com/telcoin"
        },
        {
            "name": "twitter",
            "url": "https://twitter.com/telcoin_team"
        },
        {
            "name": "coingecko",
            "url": "https://coingecko.com/en/coins/telcoin/"
        },
        {
            "name": "medium",
            "url": "https://medium.com/@telcoin"
        },
        {
            "name": "telegram",
            "url": "https://t.me/telcoincommunity"
        }
    ]
}