{
    "name": "World Wide Web Coin (WWW)",
    "website": "https://norisk.trade",
    "description": "WWW is a Stable Coin which want to sell Internet throughout the world.Backed stablecoins are subject to the same volatility and risk associated with the backing asset. If the backed stablecoin is backed in a decentralized manner, then they are relatively safe from predation, but if there is a central vault, they may be robbed, of suffer loss of confidence.",
    "explorer": "https://etherscan.io/token/0x6A0ae448Da83d73B291A199b798D13bB2e7d664d",
    "type": "ERC20",
    "symbol": "WWW",
    "decimals": 18,
    "status": "active",
    "id": "0x6A0ae448Da83d73B291A199b798D13bB2e7d664d"
}