{
    "name": "moonwolf.io",
    "symbol": "WOLF",
    "type": "POLYGON",
    "decimals": 9,
    "description": "Moonwolf is a deflationary token on Matic / Polygon",
    "website": "https://moonwolf.io",
    "explorer": "https://polygonscan.com/token/0x8f18dc399594b451eda8c5da02d0563c0b2d0f16",
    "status": "active",
    "id": "0x8f18dC399594b451EdA8c5da02d0563c0b2d0f16",
    "tags": [
        "deflationary"
    ],
    "links": [
        {
            "name": "coingecko",
            "url": "https://coingecko.com/en/coins/moonwolf-io/"
        },
        {
            "name": "twitter",
            "url": "https://twitter.com/moonwolf_io"
        },
        {
            "name": "reddit",
            "url": "https://reddit.com/r/Moonwolf_io/"
        }
    ]
}