{
    "name": "Etherconnect Coin",
    "website": "https://etherconnect.co",
    "description": "Etherconnect is an Open Decentralized Finance Ecosystem Platform for derivative financial instruments. It is on BEP20 blockchain technology, which helps you to turn your Crypto Holdings in to future growth.",
    "explorer": "https://bscscan.com/token/0x8D047F4F57A190C96c8b9704B39A1379E999D82B",
    "type": "BEP20",
    "symbol": "ECC",
    "decimals": 8,
    "status": "active",
    "id": "0x8D047F4F57A190C96c8b9704B39A1379E999D82B",
    "links": [
        {
            "name": "coinmarketcap",
            "url": "https://coinmarketcap.com/currencies/etherconnect/"
        },
        {
            "name": "reddit",
            "url": "https://reddit.com/user/Etherconnct"
        },
        {
            "name": "medium",
            "url": "https://etherconnect.medium.com/"
        },
        {
            "name": "twitter",
            "url": "https://twitter.com/Etherconnt"
        },
        {
            "name": "facebook",
            "url": "https://facebook.com/Etherconnt"
        }
    ]
}