{
    "name": "fyeth.finance",
    "website": "https://fyeth.finance/",
    "short_description": "Fyeth.finance is a peer-to-peer crypto-backed lending platform based in Europe.",
    "description": "FYETH.FINANCE is a regulated financial institution licensed by the Estonian Financial Authority, wholly owned by the global fintech group Investment Evolution.",
    "explorer": "https://bscscan.com/token/0x77dfb1dafc92c5df29996f5528ba1829941cd3bb",
    "type": "BEP20",
    "symbol": "yETH",
    "decimals": 18,
    "status": "active",
    "id": "0x77DFb1DaFC92c5Df29996f5528BA1829941cD3Bb",
    "links": [
        {
            "name": "github",
            "url": "https://github.com/RodionIyer/yETH"
        },
        {
            "name": "whitepaper",
            "url": "https://fyeth.finance/whitepaper"
        }
    ]
}