{
    "name": "BabyBitcoin",
    "type": "BEP20",
    "symbol": "BABYBITC",
    "decimals": 9,
    "website": "https://babybitcoin.app",
    "description": "BabyBitcoin aims to provide continuous benefits for all project investors and token holders.",
    "explorer": "https://bscscan.com/token/0xdeb9e5d630cea02cf83258aaf5bad933f7a43ae7",
    "status": "active",
    "id": "0xDeb9e5D630CEa02cf83258aAf5bAD933F7a43AE7",
    "links": [
        {
            "name": "twitter",
            "url": "https://twitter.com/BabyBITC_bsc"
        },
        {
            "name": "github",
            "url": "https://github.com/BabyBitcoinOfficial"
        },
        {
            "name": "coinmarketcap",
            "url": "https://coinmarketcap.com/currencies/babybitcoin/"
        },
        {
            "name": "coingecko",
            "url": "https://coingecko.com/en/coins/babybitcoin"
        },
        {
            "name": "telegram",
            "url": "https://t.me/Baby_Bitcoin"
        }
    ]
}