{
    "name": "Inflation Hedging Coin",
    "type": "BEP20",
    "symbol": "IHC",
    "decimals": 18,
    "website": "https://www.ihcoin.io/",
    "description": "Inflation Hedging Coin (IHC) was founded to provide an alternative way to secure your wealth without the interference of the monetary hierarchy system in fighting against inflation, starting with a blockchain based form of finance, Decentralized Finance.",
    "explorer": "https://bscscan.com/token/0x86a53fcd199212FEa44FA7e16EB1f28812be911D",
    "status": "active",
    "id": "0x86a53fcd199212FEa44FA7e16EB1f28812be911D",
    "links": [
        {
            "name": "twitter",
            "url": "https://twitter.com/IHCoinofficial?s=20"
        },
        {
            "name": "facebook",
            "url": "https://facebook.com/ihcoinofficial"
        },
        {
            "name": "telegram",
            "url": "https://t.me/IHCglobalcommunity"
        }
    ],
    "tags": [
        "staking",
        "defi"
    ]
}