{
    "name": "Hachiko",
    "type": "BEP20",
    "symbol": "Hachiko",
    "decimals": 9,
    "website": "https://hachiko.cc/",
    "description": "Hachiko is a deflationary token on the Binance Smart Chain. Fair launched and 100% community owned. Ownership renounced.",
    "explorer": "https://bscscan.com/token/0x87Ffc48C9f89fc5dfA05836e083406D684FD6331",
    "status": "active",
    "id": "0x87Ffc48C9f89fc5dfA05836e083406D684FD6331",
    "tags": [
        "deflationary"
    ],
    "links": [
        {
            "name": "twitter",
            "url": "https://twitter.com/hachikobsc"
        },
        {
            "name": "telegram",
            "url": "https://t.me/hachiko_bsc"
        }
    ]
}