{
    "name": "(PoS) Dai Stablecoin",
    "website": "http://makerdao.com",
    "description": "Dai is a stable cryptocurrency supported by Maker (MKR). To ensure price stability, Dai minimizes the price volatility against the US dollar, through an incentive structure for its participants.",
    "explorer": "https://polygonscan.com/token/0x8f3cf7ad23cd3cadbd9735aff958023239c6a063",
    "research": "https://research.binance.com/en/projects/dai",
    "type": "POLYGON",
    "symbol": "DAI",
    "decimals": 18,
    "status": "active",
    "id": "0x8f3Cf7ad23Cd3CaDbD9735AFf958023239c6A063",
    "links": [
        {
            "name": "twitter",
            "url": "https://twitter.com/MakerDAO"
        },
        {
            "name": "reddit",
            "url": "https://reddit.com/r/MakerDAO/"
        },
        {
            "name": "blog",
            "url": "https://blog.makerdao.com/"
        },
        {
            "name": "whitepaper",
            "url": "https://makerdao.com/whitepaper/"
        },
        {
            "name": "coinmarketcap",
            "url": "https://coinmarketcap.com/currencies/multi-collateral-dai/"
        },
        {
            "name": "coingecko",
            "url": "https://coingecko.com/en/coins/dai/"
        }
    ]
}