{
    "name": "Tokenoid",
    "type": "BEP20",
    "symbol": "NOID",
    "decimals": 9,
    "website": "https://tokenoid.io/",
    "description": "TokeNoid is developing games using the blockchain technology for their transactions. More game, More utility for NOID.",
    "explorer": "https://bscscan.com/token/0xB068bD15AEDf75Be6c2c6d0Be10b286a32087120",
    "status": "active",
    "id": "0xB068bD15AEDf75Be6c2c6d0Be10b286a32087120",
    "links": [
        {
            "name": "twitter",
            "url": "https://twitter.com/NoidToken"
        },
        {
            "name": "github",
            "url": "https://github.com/TokeNOID/"
        },
        {
            "name": "telegram",
            "url": "https://t.me/TokeNOIDOfficial_Chat"
        },
        {
            "name": "telegram_news",
            "url": "https://t.me/TokeNOIDOfficial_Ann"
        },
        {
            "name": "coinmarketcap",
            "url": "https://coinmarketcap.com/currencies/tokenoid/"
        },
        {
            "name": "coingecko",
            "url": "https://coingecko.com/en/coins/tokenoid"
        },
        {
            "name": "docs",
            "url": "https://tokenoid-studio.gitbook.io/welcome-to-gitbook/"
        },
        {
            "name": "youtube",
            "url": "https://youtube.com/channel/UCYiyO8VMCZvakrMCqkOpyDw"
        }
    ]
}