{
    "name": "CryptoTanks",
    "type": "BEP20",
    "symbol": "TANK",
    "decimals": 18,
    "website": "https://cryptotanks.com/",
    "description": "CryptoTanks is an NFT-based play-to-earn game. Allows the player to delve into a world of nostalgia and experience the power of the new technology of the crypto world, DEFI and NFT.",
    "explorer": "https://bscscan.com/token/0x4444a19c8bb86e9bdbc023709a363bbce91af33e",
    "status": "active",
    "id": "0x4444A19C8bb86E9BDbC023709A363bbCE91aF33E",
    "links": [
        {
            "name": "twitter",
            "url": "https://twitter.com/cryptotanksio"
        },
        {
            "name": "telegram",
            "url": "https://t.me/cryptotanksio"
        },
        {
            "name": "discord",
            "url": "https://discord.com/invite/yGaq8Umxvy"
        },
        {
            "name": "coinmarketcap",
            "url": "https://coinmarketcap.com/currencies/cryptotanks/"
        },
        {
            "name": "reddit",
            "url": "https://reddit.com/r/cryptotankscom/"
        },
        {
            "name": "medium",
            "url": "https://medium.com/cryptotanks"
        },
        {
            "name": "github",
            "url": "https://github.com/cryptotanks/"
        },
        {
            "name": "facebook",
            "url": "https://facebook.com/cryptotanksio"
        },
        {
            "name": "whitepaper",
            "url": "https://docs.cryptotanks.com/"
        },
        {
            "name": "telegram_news",
            "url": "https://t.me/cryptotankscom"
        },
        {
            "name": "youtube",
            "url": "https://youtube.com/c/CryptoTanks"
        }
    ],
    "tags": [
        "defi"
    ]
}