{
    "name": "Gem Exchange and Trading",
    "type": "BEP20",
    "symbol": "GXT",
    "decimals": 18,
    "website": "https://www.gxtglobal.com/en/index.html",
    "description": "GXT, the pioneer of NFT and Diamond Distribution evolves with no limit.",
    "explorer": "https://bscscan.com/token/0x3107C0A1126268CA303f8d99c712392fA596e6D7",
    "status": "active",
    "id": "0x3107C0A1126268CA303f8d99c712392fA596e6D7",
    "links": [
        {
            "name": "twitter",
            "url": "https://twitter.com/GXT25075644"
        },
        {
            "name": "github",
            "url": "https://github.com/gxtmg/gxt_erc20"
        },
        {
            "name": "telegram",
            "url": "https://t.me/gxtglobal_official"
        },
        {
            "name": "coingecko",
            "url": "https://coingecko.com/en/coins/gem-exchange-and-trading"
        }
    ],
    "tags": [
        "nft"
    ]
}