{
    "name": "Azuma coin",
    "website": "https://azumacoin.io/",
    "description": "Azuma Games is a crypto game development company striving to integrate AAA graphics, exciting game-play, and crypto rewards. Azuma Coin is our native token.",
    "explorer": "https://etherscan.io/token/0xd26a9C3437f7D121098c8C05C7413F5Cc70BB070",
    "type": "ERC20",
    "symbol": "AZUM",
    "decimals": 18,
    "status": "active",
    "id": "0xd26a9C3437f7D121098c8C05C7413F5Cc70BB070",
    "links": [
        {
            "name": "twitter",
            "url": "https://twitter.com/GamesAzuma"
        },
        {
            "name": "telegram",
            "url": "https://t.me/azumagames"
        },
        {
            "name": "whitepaper",
            "url": "https://www.azumacoin.io/static/Azuma_WP_Sep17-2b944767e8ac9abe89bd3ae0fdf6cfa1.pdf"
        }
    ]
}