{
    "name": "BitShiba",
    "website": "https://www.bitshiba.io/",
    "description": "The Shiba Inu Killer on Binance Smart Chain",
    "explorer": "https://bscscan.com/token/0xb84cbbf09b3ed388a45cd875ebba41a20365e6e7",
    "type": "BEP20",
    "symbol": "SHIBA",
    "decimals": 18,
    "status": "active",
    "id": "0xB84cBbF09b3Ed388a45cD875ebba41a20365e6e7",
    "links": [
        {
            "name": "twitter",
            "url": "https://twitter.com/BitShibaToken"
        },
        {
            "name": "telegram",
            "url": "https://t.me/Bitshibatoken"
        }
    ]
}