{
    "name": "The Essential Coin",
    "type": "BEP20",
    "symbol": "ESC",
    "decimals": 18,
    "website": "https://theessentialcoin.org",
    "description": "The essential Coin is a utility ecosystem that provides rewards to long term investors.The Essential Coins is a focus-based project with many products that will be released in multiple phases. ESC will be a blockchain meta-verse, which will have the ESC token as its native currency.",
    "explorer": "https://bscscan.com/token/0x4c48cca6153Db911002F965D22fdeFcD95f33BE9",
    "status": "active",
    "id": "0x4c48cca6153Db911002F965D22fdeFcD95f33BE9",
    "links": [
        {
            "name": "twitter",
            "url": "https://twitter.com/essentialESC"
        },
        {
            "name": "discord",
            "url": "https://discord.com/invite/jEHpJMbKF3"
        },
        {
            "name": "telegram",
            "url": "https://t.me/the_essential_coin"
        },
        {
            "name": "whitepaper",
            "url": "https://bit.ly/3xU43Dt"
        },
        {
            "name": "youtube",
            "url": "https://youtube.com/channel/UCgf60vmEovPXe_81c4PkoWA"
        },
        {
            "name": "facebook",
            "url": "https://facebook.com/The-Essential-Coin-108521301658681"
        },
        {
            "name": "coinmarketcap",
            "url": "https://coinmarketcap.com/currencies/the-essential-coin/"
        },
        {
            "name": "coingecko",
            "url": "https://coingecko.com/en/coins/the-essential-coin"
        }
    ]
}