{
    "name": "Pleasure Coin",
    "website": "https://pleasurecoin.com/",
    "description": "Pleasure Coin (NSFW) is an ERC-20 token on the Polygon chain that will be utilized within the Pleasure Network, an adult industry ecosystem that empowers individuals and businesses.",
    "explorer": "https://polygonscan.com/token/0x8f006d1e1d9dc6c98996f50a4c810f17a47fbf19",
    "type": "POLYGON",
    "symbol": "NSFW",
    "decimals": 18,
    "status": "active",
    "tags": [
        "wrapped"
    ],
    "id": "0x8f006D1e1D9dC6C98996F50a4c810F17a47fBF19",
    "links": [
        {
            "name": "telegram",
            "url": "https://t.me/pleasurecoin_crypto"
        },
        {
            "name": "discord",
            "url": "https://discord.com/invite/GCHkdY6fnF"
        },
        {
            "name": "twitter",
            "url": "https://twitter.com/Pleasure_coin"
        },
        {
            "name": "coinmarketcap",
            "url": "https://coinmarketcap.com/currencies/pleasure-coin/"
        },
        {
            "name": "coingecko",
            "url": "https://coingecko.com/coins/pleasure-coin"
        }
    ]
}
