{
    "name": "Aeron",
    "website": "https://aeron.aero",
    "description": "Aeron – blockchain solutions for aviation safety.",
    "explorer": "https://bscscan.com/token/0x0C37Bcf456bC661C14D596683325623076D7e283",
    "research": "https://research.binance.com/en/projects/aeron",
    "type": "BEP20",
    "symbol": "ARNX",
    "decimals": 18,
    "status": "active",
    "id": "0x0C37Bcf456bC661C14D596683325623076D7e283",
    "links": [
        {
            "name": "twitter",
            "url": "https://twitter.com/aeron_aero"
        },
        {
            "name": "telegram",
            "url": "https://t.me/aeronaero"
        },
        {
            "name": "coingecko",
            "url": "https://coingecko.com/en/coins/aeron"
        },
        {
            "name": "coinmarketcap",
            "url": "https://coinmarketcap.com/currencies/aeron"
        }
    ]
}