{
    "name": "Impossible Finance",
    "website": "https://impossible.finance",
    "description": "Impossible Finance is a builder-focused multichain ecosystem featuring decentralized incubator, launchpad, and swap. IF is the governance and fee accrual token for the swap.",
    "explorer": "https://polygonscan.com/token/0xb0e1fc65c1a741b4662b813eb787d369b8614af1",
    "type": "POLYGON",
    "symbol": "IF",
    "decimals": 18,
    "status": "active",
    "id": "0xB0e1fc65C1a741b4662B813eB787d369b8614Af1",
    "links": [
        {
            "name": "github",
            "url": "https://github.com/impossiblefinance"
        },
        {
            "name": "twitter",
            "url": "https://twitter.com/impossiblefi"
        },
        {
            "name": "blog",
            "url": "https://medium.com/impossiblefinance"
        },
        {
            "name": "telegram",
            "url": "https://t.me/ImpossibleFinance"
        },
        {
            "name": "coingecko",
            "url": "https://coingecko.com/en/coins/impossible-finance/"
        }
    ]
}