{
    "name": "METANIAGAMES",
    "type": "BEP20",
    "symbol": "METANIA",
    "decimals": 9,
    "website": "https://metania.games/",
    "description": "We produce various collections, games, NFTs that you can use in games, and maps for you to navigate in your own world.",
    "explorer": "https://bscscan.com/token/0x6f64cc61d0d5542e40e6f2828cbdda84507d214d",
    "status": "active",
    "id": "0x6F64cC61d0d5542E40e6f2828cBddA84507D214D",
    "links": [
        {
            "name": "twitter",
            "url": "https://twitter.com/MetaniaGames"
        },
        {
            "name": "github",
            "url": "https://github.com/metaniagames/contract"
        },
        {
            "name": "telegram",
            "url": "https://t.me/MetaniagamesG"
        },
        {
            "name": "telegram_news",
            "url": "https://t.me/metaniachannel"
        },
        {
            "name": "medium",
            "url": "https://metania.medium.com/"
        },
        {
            "name": "docs",
            "url": "https://docs.metania.games/"
        },
        {
            "name": "discord",
            "url": "https://discord.com/invite/fsAdWdmMKG"
        },
        {
            "name": "reddit",
            "url": "https://reddit.com/r/MetaniaGames/"
        },
        {
            "name": "source_code",
            "url": "https://bscscan.com/address/0x6f64cc61d0d5542e40e6f2828cbdda84507d214d#code"
        },
        {
            "name": "whitepaper",
            "url": "https://docs.metania.games/metania-paper"
        },
        {
            "name": "coinmarketcap",
            "url": "https://coinmarketcap.com/currencies/metaniagames/"
        },
        {
            "name": "coingecko",
            "url": "https://coingecko.com/coins/metaniagames"
        }
    ],
    "tags": [
        "nft",
        "defi",
        "staking",
        "gamefi"
    ]
}
