{
    "name": "Annex USDT",
    "website": "https://www.annex.finance/",
    "description": "Money Markets. A Decentralized Marketplace for Lenders and Borrowers",
    "explorer": "https://bscscan.com/token/0x35b2a25087A4D33dADBFB7625bfa7f1e0853f723",
    "type": "BEP20",
    "links": [
        {
            "name": "twitter",
            "url": "https://twitter.com/AnnexFinance"
        },
        {
            "name": "medium",
            "url": "https://annexfinance.medium.com/"
        },
        {
            "name": "telegram",
            "url": "https://t.me/Annex_finance_group"
        },
        {
            "name": "github",
            "url": "https://github.com/annexfinance/annex-protocol"
        },
        {
            "name": "reddit",
            "url": "https://reddit.com/r/AnnexFinance/"
        }
    ],
    "symbol": "aUSDT",
    "decimals": 8,
    "status": "active",
    "id": "0x35b2a25087A4D33dADBFB7625bfa7f1e0853f723"
}