{
    "name": "Ariadne",
    "symbol": "ARDN",
    "type": "POLYGON",
    "decimals": 18,
    "description": "Ariadne is a cross-chain DeFi marketplace that is lowering the fees to enter/exit farms on multiple blockchains and saves swaps and bridges costs for both EVM and non-EVM chains.",
    "website": "https://ariadne.finance",
    "explorer": "https://polygonscan.com/token/0xB6EBc3ca1741a8f37551E44A51eC00aD417B38CA",
    "status": "active",
    "id": "0xB6EBc3ca1741a8f37551E44A51eC00aD417B38CA",
    "links": [
        {
            "name": "medium",
            "url": "https://medium.com/ariadne-project"
        },
        {
            "name": "twitter",
            "url": "https://twitter.com/ariadne_finance"
        },
        {
            "name": "telegram",
            "url": "https://t.me/ariadne_finance"
        },
        {
            "name": "coinmarketcap",
            "url": "https://coinmarketcap.com/currencies/ariadne/"
        }
    ]
}