{
    "name": "Happiness Token",
    "type": "BEP20",
    "symbol": "HPS",
    "decimals": 18,
    "website": "https://billionhappiness.finance/",
    "description": "HPS is a deflationary token and booster for BillionHappiness project to support liquidity, buyback, build the ecosystem, and Develop NFT marketplace. To create, buy, or collect digital items secured with BSC blockchain.",
    "explorer": "https://bscscan.com/token/0xc9d53a339f3c22e016c6fa1e3eb85ac32c75fed2",
    "status": "active",
    "id": "0xc9D53A339F3c22E016C6fA1E3Eb85AC32c75fED2",
    "links": [
        {
            "name": "twitter",
            "url": "https://twitter.com/BHC_Happiness"
        },
        {
            "name": "github",
            "url": "https://github.com/HPSOfficial"
        }
    ],
    "tags": [
        "defi"
    ]
}