{
    "name": "Binamon-Z1",
    "type": "BEP20",
    "symbol": "BMON-Z1",
    "decimals": 18,
    "website": "https://binamon.org",
    "description": "A Complete Metaverse of Digital Monsters on Binance Smart Chain. With BMON-Z1 the users can buy boosters of NFT. The boosters have 3 monsters.Through a smart contract called Booster, the NFTs will be minted (BEP721) ,using the $BMON token (BEP-20). Community Governance. Buy NFT in itsphysical variant. Entry fee and rewards in tournaments.",
    "explorer": "https://bscscan.com/token/0x80e15fe54e9d155f8366187a6a32bdef9c2366c4",
    "status": "active",
    "id": "0x80E15FE54e9D155f8366187A6a32BDEF9C2366c4",
    "links": [
        {
            "name": "twitter",
            "url": "https://twitter.com/binamonok"
        },
        {
            "name": "telegram",
            "url": "https://t.me/binamon"
        }
    ]
}