{
    "name": "1Doge",
    "type": "BEP20",
    "symbol": "1DOGE",
    "decimals": 18,
    "website": "https://1doge.io",
    "description": "1Doge is building a comprehensive platform with Static reflection and play to earn gaming mechanisms to enable gamers from all over the world experience Gaming and NFT on the blockchain. ",
    "explorer": "https://bscscan.com/token/0x40619dc9F00ea34e51D96b6EC5d8a6aD75457434",
    "status": "active",
    "id": "0x40619dc9F00ea34e51D96b6EC5d8a6aD75457434",
    "links": [
        {
            "name": "twitter",
            "url": "https://twitter.com/1dogeBSC"
        },
        {
            "name": "github",
            "url": "https://github.com/MiniPadLaunchpad/1doge"
        },
        {
            "name": "telegram",
            "url": "https://t.me/OneDogeGroup"
        },
        {
            "name": "telegram_news",
            "url": "https://t.me/OneDogeAnn"
        },
        {
            "name": "whitepaper",
            "url": "https://docs.1doge.io/"
        },
        {
            "name": "medium",
            "url": "https://onedogefinance.medium.com/"
        },
        {
            "name": "youtube",
            "url": "https://youtube.com/channel/UCf5H5967XWppQA0WA6qcTsA"
        },
        {
            "name": "facebook",
            "url": "https://facebook.com/1dogebsc"
        },
        {
            "name": "coingecko",
            "url": "https://coingecko.com/en/coins/1doge"
        }
    ]
}