{
    "name": "XSGD",
    "type": "POLYGON",
    "symbol": "XSGD",
    "decimals": 6,
    "website": "https://straitsx.com/xsgd",
    "description": "XSGD is the fully collateralized Singapore Dollar stablecoin, powered by open-source blockchain protocols.",
    "explorer": "https://polygonscan.com/token/0xDC3326e71D45186F113a2F448984CA0e8D201995",
    "status": "active",
    "id": "0xDC3326e71D45186F113a2F448984CA0e8D201995",
    "links": [
        {
            "name": "twitter",
            "url": "https://twitter.com/straitsx"
        },
        {
            "name": "github",
            "url": "https://github.com/Xfers/straitsx-tokens/tree/master/Polygon/XSGD"
        },
        {
            "name": "blog",
            "url": "https://straitsx.com/blog"
        },
        {
            "name": "coinmarketcap",
            "url": "https://coinmarketcap.com/currencies/xsgd/"
        },
        {
            "name": "coingecko",
            "url": "https://coingecko.com/coins/xsgd"
        }
    ],
    "tags": [
        "stablecoin"
    ]
}
