{
    "name": "WaultSwap Polygon",
    "type": "POLYGON",
    "symbol": "WEXpoly",
    "decimals": 18,
    "website": "https://wault.finance",
    "description": "Wault Finance is a decentralized finance hub that connects all of the primary DeFi use-cases within one simple ecosystem, on the Binance Smart Chain. In short, an all-in-one DeFi Platform!We’ve built a protocol including 2 tokens – WAULTx and WEX – and some unique features such as: WaultSwap (AMM), Wault Launchpad (new project presales), Wault Locker (liquidity locks for new or established projects), Wault Farms (staking and farming) and many other great services.",
    "explorer": "https://polygonscan.com/token/0x4c4bf319237d98a30a929a96112effa8da3510eb",
    "status": "active",
    "id": "0x4c4BF319237D98a30A929A96112EfFa8DA3510EB",
    "links": [
        {
            "name": "twitter",
            "url": "https://twitter.com/Wault_Finance"
        },
        {
            "name": "github",
            "url": "https://github.com/WaultFinance"
        },
        {
            "name": "telegram",
            "url": "https://t.me/WaultFinance"
        },
        {
            "name": "coingecko",
            "url": "https://coingecko.com/en/coins/waultswap-polygon/"
        }
    ]
}