{
    "name": "Autoshark",
    "website": "https://autoshark.finance/",
    "description": "AutoShark is a yield optimizer for Automatic Liquidity Acquisition Farms & AMMs on the Binance Smart Chain.",
    "explorer": "https://bscscan.com/token/0xdD97AB35e3C0820215bc85a395e13671d84CCBa2",
    "type": "BEP20",
    "symbol": "JAWS",
    "decimals": 18,
    "status": "active",
    "id": "0xdD97AB35e3C0820215bc85a395e13671d84CCBa2",
    "links": [
        {
            "name": "telegram",
            "url": "https://t.me/AutoSharkFinance"
        },
        {
            "name": "twitter",
            "url": "https://twitter.com/autosharkfin"
        },
        {
            "name": "reddit",
            "url": "https://reddit.com/r/AutoSharkOfficial/"
        },
        {
            "name": "coingecko",
            "url": "https://coingecko.com/en/coins/autoshark"
        }
    ]
}