{
    "name": "Bitanium",
    "website": "https://bitanium.org",
    "description": "Bitanium (BI) was built from the ground up to embody the strength and stability of Titanium. Bitanium delivers the finest high performance enterprise-first blockchain available in an ERC20 Token to date.",
    "explorer": "https://etherscan.io/token/0x5b5bB9765eff8D26c24B9FF0DAa09838a3Cd78E9",
    "research": "https://ethplorer.io/address/0x5b5bb9765eff8d26c24b9ff0daa09838a3cd78e9",
    "type": "ERC20",
    "symbol": "BI",
    "decimals": 4,
    "status": "active",
    "id": "0x5b5bB9765eff8D26c24B9FF0DAa09838a3Cd78E9",
    "links": [
        {
            "name": "github",
            "url": "https://github.com/vittominacori/erc20-generator/blob/v3.0.4/dist/BaseToken.dist.sol"
        },
        {
            "name": "twitter",
            "url": "https://twitter.com/@bitaniumb"
        },
        {
            "name": "telegram",
            "url": "https://t.me/gregowens"
        },
        {
            "name": "whitepaper",
            "url": "https://bitanium.org"
        }
    ]
}