{
    "name": "The Great Wave",
    "website": "https://wave.cash/",
    "description": "WAVE is the token of the Great Wave off Kanagawa cyber community. Tokens are only issued by airdrop, anyone who is willing to spend a small amount of miner fees can get it for free. Relying on the surpports of the huge community members of the Great Wave off Kanagawa cyber community, accelerate the expansion of the influence of the cryptocurrency and blockchain industry.",
    "explorer": "https://bscscan.com/token/0x46cbe14f4ab4c665e084a0a868c49098f0ce7704",
    "type": "BEP20",
    "symbol": "WAVE",
    "decimals": 18,
    "status": "active",
    "id": "0x46CBE14F4Ab4C665e084a0a868c49098f0Ce7704"
}