{
    "name": "dHEDGE DAO Token (PoS)",
    "type": "POLYGON",
    "symbol": "DHT",
    "decimals": 18,
    "website": "https://www.dhedge.org/",
    "description": "Decentralized asset management protocol connecting the world’s best investment managers with investors in a permissionless, trustless fashion.",
    "explorer": "https://polygonscan.com/token/0x8C92e38eCA8210f4fcBf17F0951b198Dd7668292",
    "status": "active",
    "id": "0x8C92e38eCA8210f4fcBf17F0951b198Dd7668292",
    "links": [
        {
            "name": "twitter",
            "url": "https://twitter.com/dHedgeOrg"
        },
        {
            "name": "github",
            "url": "https://github.com/dhedge"
        },
        {
            "name": "telegram",
            "url": "https://t.me/dhedge"
        },
        {
            "name": "telegram_news",
            "url": "https://t.me/dhedge"
        },
        {
            "name": "blog",
            "url": "https://dhedge.ghost.io/"
        },
        {
            "name": "docs",
            "url": "https://docs.dhedge.org/"
        },
        {
            "name": "forum",
            "url": "https://forum.dhedge.org/"
        },
        {
            "name": "discord",
            "url": "https://discord.com/invite/BAWTbRA"
        },
        {
            "name": "medium",
            "url": "https://medium.com/dhedge-org"
        },
        {
            "name": "youtube",
            "url": "https://youtube.com/watch?v=OODm7tJspqk"
        },
        {
            "name": "coinmarketcap",
            "url": "https://coinmarketcap.com/currencies/dhedge-dao/"
        },
        {
            "name": "coingecko",
            "url": "https://coingecko.com/en/coins/dhedge-dao"
        }
    ],
    "tags": [
        "governance",
        "defi"
    ]
}