{
    "name": "Aquari",
    "website": "https://aquari.io/",
    "description": "Aquari is a community driven token which goal is to save our oceans and marine life. 3% of each trade is going towards charity wallet which is then donated to environmental organizations of your choice.",
    "explorer": "https://bscscan.com/token/0x6500197a2488610aca288fd8e2dfe88ec99e596c",
    "symbol": "AQUARI",
    "type": "BEP20",
    "decimals": 9,
    "status": "active",
    "id": "0x6500197A2488610ACA288fd8E2DFE88Ec99E596c"
}