{
    "name": "BabyDoge ETH",
    "type": "ERC20",
    "symbol": "BABYDOGE",
    "decimals": 9,
    "website": "https://babydogecoin.gg",
    "description": "BabyDoge is fully decentralized and on a mission to bring popular cryptocurrency concepts to the mainstream in one, easy to understand project.",
    "explorer": "https://etherscan.io/token/0xAC8E13ecC30Da7Ff04b842f21A62a1fb0f10eBd5",
    "status": "active",
    "id": "0xAC8E13ecC30Da7Ff04b842f21A62a1fb0f10eBd5",
    "links": [
        {
            "name": "twitter",
            "url": "https://twitter.com/king_bdoge"
        },
        {
            "name": "github",
            "url": "https://github.com/babydogecoingg"
        },
        {
            "name": "telegram",
            "url": "https://t.me/babydogecoingg"
        },
        {
            "name": "whitepaper",
            "url": "https://babydogecoin.gg/assets/BabyDoge_WhitePaper.pdf"
        },
        {
            "name": "medium",
            "url": "https://medium.com/@babydogecoin"
        },
        {
            "name": "coinmarketcap",
            "url": "https://coinmarketcap.com/currencies/babydoge-coin/"
        },
        {
            "name": "coingecko",
            "url": "https://coingecko.com/en/coins/babydoge-eth"
        },
        {
            "name": "source_code",
            "url": "https://etherscan.io/address/0xac8e13ecc30da7ff04b842f21a62a1fb0f10ebd5#code"
        }
    ]
}