{
    "name": "Yearn Finance Dot",
    "website": "https://yfdot.finance",
    "description": "Yearn Finance Dot platform is powerful enough from a scalability, interoperability, developability and governance perspective to help make the vision of Web3 a reality that aims to get more value for an investment.",
    "explorer": "https://etherscan.io/token/0x2e6539edc3b76f1E21B71d214527FAbA875F70F3",
    "type": "ERC20",
    "symbol": "YFDOT",
    "decimals": 18,
    "status": "active",
    "id": "0x2e6539edc3b76f1E21B71d214527FAbA875F70F3",
    "links": [
        {
            "name": "github",
            "url": "https://github.com/YFDOT"
        },
        {
            "name": "twitter",
            "url": "https://twitter.com/Yfdotfinance"
        },
        {
            "name": "telegram",
            "url": "https://t.me/YFDOT_Finance"
        },
        {
            "name": "medium",
            "url": "https://medium.com/@YFdotFinance"
        }
    ]
}