{
    "name": "Decentral Games",
    "website": "https://decentral.games",
    "description": "Decentral Games is a metaverse-native gaming DAO building play-to-earn poker. DG Hodlers vote on treasury management, economic policy, and development to grow and strengthen the Decentral Games ecosystem.",
    "explorer": "https://etherscan.io/token/0x4b520c812e8430659fc9f12f6d0c39026c83588d",
    "type": "ERC20",
    "symbol": "DG",
    "decimals": 18,
    "status": "active",
    "id": "0x4b520c812E8430659FC9f12f6d0c39026C83588D",
    "tags": [
        "gamefi"
    ],
    "links": [
        {
            "name": "twitter",
            "url": "https://twitter.com/decentralgames"
        },
        {
            "name": "github",
            "url": "https://github.com/decentralgames"
        },
        {
            "name": "telegram",
            "url": "https://t.me/decentralgames"
        },
        {
            "name": "coinmarketcap",
            "url": "https://coinmarketcap.com/currencies/decentral-games-new/"
        }
    ]
}
