{
    "name": "Thoreum V2",
    "website": "https://thoreum.capital/",
    "description": "THOREUM v2 is a Multi-chain Venture Capital Platform that rewards its HOLDers by leveraging multi-chain investment opportunities. Thoreum phase 1 - Mining completed, phase 2 - Hyper deflationary & maximizing profits.",
    "explorer": "https://bscscan.com/token/0xF2A92BC1Cf798fF4De14502a9C6FdA58865e8D5d",
    "type": "BEP20",
    "symbol": "THOREUM",
    "decimals": 18,
    "status": "active",
    "id": "0xF2A92BC1Cf798fF4De14502a9C6FdA58865e8D5d",
    "tags": [
        "defi"
    ],
    "links": [
        {
            "name": "twitter",
            "url": "https://twitter.com/ThoreumFinance"
        },
        {
            "name": "telegram",
            "url": "https://t.me/Thoreum"
        },
        {
            "name": "docs",
            "url": "https://docs.thoreum.capital/"
        },
        {
            "name": "reddit",
            "url": "https://reddit.com/r/Thoreum_official/"
        },
        {
            "name": "youtube",
            "url": "https://youtube.com/channel/UChv01NIAIwQm4gmJuSGd49Q"
        },
        {
            "name": "coinmarketcap",
            "url": "https://coinmarketcap.com/currencies/thoreum-v2/"
        },
        {
            "name": "github",
            "url": "https://github.com/ThoreumFinance/ThoreumCapital"
        }
    ]
}
