{
    "name": "SpaceRat",
    "website": "https://spacerat.finance/",
    "description": "SpaceRat is a community-driven project built on Matic Network. Three functions occur during each trade: Reflection, LP Acquisition, & Burn.",
    "explorer": "https://polygonscan.com/token/0x1132f58810ee9ff13e97aeccd8dda688cc5eb8f4",
    "type": "POLYGON",
    "symbol": "SRAT",
    "decimals": 9,
    "status": "active",
    "id": "0x1132f58810Ee9fF13E97aECCd8DDa688Cc5eb8F4",
    "links": [
        {
            "name": "discord",
            "url": "https://discord.com/YcdXESeMzK"
        },
        {
            "name": "twitter",
            "url": "https://twitter.com/spaceratmatic"
        },
        {
            "name": "coingecko",
            "url": "https://coingecko.com/en/coins/spacerat/"
        },
        {
            "name": "medium",
            "url": "https://spaceratpolygon.medium.com/"
        },
        {
            "name": "coinmarketcap",
            "url": "https://coinmarketcap.com/currencies/spacerat/"
        }
    ]
}