{
    "name": "Mask Network",
    "website": "https://mask.io",
    "description": "The portal to the new, open internet.",
    "explorer": "https://etherscan.io/token/0x69af81e73A73B40adF4f3d4223Cd9b1ECE623074",
    "type": "ERC20",
    "symbol": "MASK",
    "decimals": 18,
    "status": "active",
    "id": "0x69af81e73A73B40adF4f3d4223Cd9b1ECE623074",
    "links": [
        {
            "name": "github",
            "url": "https://github.com/DimensionDev/Maskbook"
        },
        {
            "name": "twitter",
            "url": "https://twitter.com/realmaskbook"
        },
        {
            "name": "facebook",
            "url": "https://facebook.com/masknetwork"
        }
    ]
}