{
    "name": "Augury Finance",
    "website": "https://augury.finance/",
    "description": "Augury Finance is a financial ecosystem on the Polygon (MATIC) blockchain which focuses on trust, community ownership, and sustainable returns.",
    "explorer": "https://polygonscan.com/token/0x76e63a3E7Ba1e2E61D3DA86a87479f983dE89a7E",
    "type": "POLYGON",
    "symbol": "OMEN",
    "decimals": 18,
    "status": "active",
    "id": "0x76e63a3E7Ba1e2E61D3DA86a87479f983dE89a7E",
    "links": [
        {
            "name": "github",
            "url": "https://github.com/augury-finance/core"
        },
        {
            "name": "twitter",
            "url": "https://twitter.com/AuguryFinance"
        },
        {
            "name": "telegram",
            "url": "https://t.me/auguryfinance"
        },
        {
            "name": "medium",
            "url": "https://auguryfinance.medium.com/"
        },
        {
            "name": "coingecko",
            "url": "https://coingecko.com/en/coins/augury-finance/"
        }
    ]
}