{
    "name": "Mero",
    "website": "https://mero.blue",
    "description": "Mero is open source, community owned and driven. We are helping spearhead change in the crypto world, by encouraging mass adoption of cryptocurrency payments by open source development of revolutionary use cases.",
    "explorer": "https://bscscan.com/token/0x476da763fb6d22b8465f7886d2d652a428a93984",
    "type": "BEP20",
    "symbol": "MERO",
    "decimals": 18,
    "status": "active",
    "id": "0x476DA763fb6D22B8465f7886d2d652A428a93984"
}