{
    "name": "LittleBabyDoge",
    "type": "BEP20",
    "symbol": "LBD",
    "decimals": 9,
    "website": "https://littlebabydoge.com/",
    "description": "Little Baby Doge is a hyper-deflationary decentralized buyback token, community-driven project that aims to reduce global warming by being the no 1 cryptocurrency platform for fighting climate change!",
    "explorer": "https://bscscan.com/token/0xf67006f8d22edEbd1191f3E728ab9a90289e6C38",
    "status": "active",
    "id": "0xf67006f8d22edEbd1191f3E728ab9a90289e6C38",
    "links": [
        {
            "name": "twitter",
            "url": "https://twitter.com/LBD_se"
        },
        {
            "name": "coinmarketcap",
            "url": "https://coinmarketcap.com/currencies/little-baby-doge/"
        },
        {
            "name": "coingecko",
            "url": "https://coingecko.com/coins/littlebabydoge"
        },
        {
            "name": "telegram",
            "url": "https://t.me/LittleBabyDogeOfficial"
        }
    ],
    "tags": [
        "defi"
    ]
}
