{
    "name": "Syntropy",
    "website": "https://syntropynet.com",
    "description": "Syntropy is transforming the public internet into a secure and user-centric internet through a unifying layer where encryption and optimized performance are built-in and automatically enabled for anything and everything connected to it.",
    "explorer": "https://etherscan.io/token/0xa8c8CfB141A3bB59FEA1E2ea6B79b5ECBCD7b6ca",
    "type": "ERC20",
    "symbol": "NOIA",
    "decimals": 18,
    "status": "active",
    "id": "0xa8c8CfB141A3bB59FEA1E2ea6B79b5ECBCD7b6ca"
}