{
    "name": "QuickSwap",
    "website": "https://quickswap.exchange/",
    "description": "Next-gen Layer 2 DEX. Trade at lightning-fast speeds with near-zero gas fees, Powered by Polygon",
    "explorer": "https://polygonscan.com/token/0x831753dd7087cac61ab5644b308642cc1c33dc13",
    "type": "POLYGON",
    "symbol": "QUICK",
    "decimals": 18,
    "status": "active",
    "id": "0x831753DD7087CaC61aB5644b308642cc1c33Dc13",
    "links": [
        {
            "name": "github",
            "url": "https://github.com/QuickSwap"
        },
        {
            "name": "twitter",
            "url": "https://twitter.com/QuickswapDEX"
        },
        {
            "name": "telegram",
            "url": "https://t.me/QuickSwapDEX"
        },
        {
            "name": "medium",
            "url": "https://quickswap-layer2.medium.com/"
        }
    ]
}