{
    "name": "CGB COIN",
    "type": "BEP20",
    "symbol": "CGB",
    "decimals": 18,
    "website": "https://cgbcoin.co/",
    "description": "A new smart blockchain based marketplace for trading digital goods and assets according to users interests. Automatic matching of buyers and sellers via unique artificial intelligence approach.",
    "explorer": "https://bscscan.com/token/0x7f247a00EaB12419e5dEB021B48f6eBf249CF86C",
    "status": "active",
    "id": "0x7f247a00EaB12419e5dEB021B48f6eBf249CF86C",
    "links": [
        {
            "name": "twitter",
            "url": "https://twitter.com/cgb_coin"
        },
        {
            "name": "facebook",
            "url": "https://facebook.com/CgbcoinCryptoCurrency/"
        },
        {
            "name": "telegram",
            "url": "https://t.me/cgbcoinfuturecurrency"
        }
    ]
}