{
    "name": "Celestial",
    "type": "BEP20",
    "symbol": "Crystal",
    "decimals": 18,
    "website": "https://celt.game/",
    "description": "Celestial is a cross chain metaverse game that combines Gamefi, Socialfi, and NFTSwap with the theme of interstellar warfare.",
    "explorer": "https://bscscan.com/token/0xE93B4fb367F3678A32f28254355f9f6ac000c976",
    "status": "active",
    "id": "0xE93B4fb367F3678A32f28254355f9f6ac000c976",
    "links": [
        {
            "name": "twitter",
            "url": "https://twitter.com/GameCelt"
        },
        {
            "name": "github",
            "url": "https://github.com/CeltGame"
        },
        {
            "name": "telegram",
            "url": "https://t.me/CELT_Game"
        },
        {
            "name": "telegram_news",
            "url": "https://t.me/CELT_Announcement"
        },
        {
            "name": "whitepaper",
            "url": "https://bsc.celt.game/static/CELESTIAL_Whitepaper.pdf"
        },
        {
            "name": "medium",
            "url": "https://medium.com/@celestial.gamefi"
        },
        {
            "name": "coinmarketcap",
            "url": "https://coinmarketcap.com/currencies/crystal/"
        },
        {
            "name": "coingecko",
            "url": "https://coingecko.com/en/coins/crystal"
        },
        {
            "name": "youtube",
            "url": "https://youtube.com/channel/UC3L64zz-sbwaEgMVotqLkTA"
        }
    ]
}