{
    "name": "SafeDrive",
    "type": "BEP20",
    "symbol": "Drive",
    "decimals": 9,
    "website": "https://www.drive-token.com",
    "description": "A new cryptocurrency based on BNB smart chain. 4% of each transaction is always distributed to all holders as a reward. Thus, personal wealth increases automatically with every purchase or sale.",
    "explorer": "https://bscscan.com/token/0xa321fC1171EB85498faD47D3d127368eBa70265C",
    "status": "active",
    "id": "0xa321fC1171EB85498faD47D3d127368eBa70265C",
    "links": [
        {
            "name": "twitter",
            "url": "https://twitter.com/safedrive19"
        },
        {
            "name": "discord",
            "url": "https://discord.com/invite/cHusGCKb\""
        }
    ]
}