{
    "name": "Krios/GIG",
    "website": "https://krios.io/",
    "description": "Krios is a platform that connects employers and freelancers in the next hire share economy. Many skilled individuals are turning to freelancing as a result of the freedom and flexibility that it brings. Krios enables employers looking to hire and freelancers searching for jobs to connect with one another. Sign up now to search for job opportunities and showcase your skills.",
    "explorer": "https://etherscan.io/token/0x838d8e11B160deC88Fe62BF0f743FB7000941e13",
    "type": "ERC20",
    "symbol": "GIG",
    "decimals": 18,
    "status": "active",
    "id": "0x838d8e11B160deC88Fe62BF0f743FB7000941e13",
    "links": [
        {
            "name": "github",
            "url": "https://github.com/ethereum"
        },
        {
            "name": "twitter",
            "url": "https://twitter.com/Krios"
        },
        {
            "name": "telegram",
            "url": "https://t.me/KriosToken"
        },
        {
            "name": "facebook",
            "url": "https://facebook.com/krios.io/"
        },
        {
            "name": "whitepaper",
            "url": "https://krios-test.s3.amazonaws.com/image_1565724128958.pdf"
        }
    ]
}