{
    "name": "MustangToken",
    "type": "BEP20",
    "symbol": "MUST",
    "decimals": 9,
    "website": "https://mustangtoken.net",
    "description": "Mustangtoken is a progressive auto-staking token that pays out rewards just for holding it within your wallet! Half of each fee is reflected back to holders, and the other half is added to the BNB/Snowge Liquidity Pool.",
    "explorer": "https://bscscan.com/token/0xa042d20abe198e516d885da52a633b6d44f339b9",
    "status": "active",
    "id": "0xa042d20aBE198E516d885Da52a633B6D44F339B9",
    "links": [
        {
            "name": "twitter",
            "url": "https://twitter.com/Mustangtoken"
        },
        {
            "name": "telegram",
            "url": "https://t.me/MustangToken"
        },
        {
            "name": "reddit",
            "url": "https://reddit.com/r/Mustangtoken/"
        }
    ]
}