{
    "name": "PancakePoll",
    "type": "BEP20",
    "symbol": "PPOLL",
    "decimals": 9,
    "website": "https://pancakepoll.com/",
    "description": "PancakePoll is a voting platform that utilizes the security and immutability of the Binance Smart Chain.",
    "explorer": "https://bscscan.com/token/0xc29000A4b1eCD326b6DafAE17bDA636475FeA1e7",
    "status": "active",
    "id": "0xc29000A4b1eCD326b6DafAE17bDA636475FeA1e7",
    "links": [
        {
            "name": "twitter",
            "url": "https://twitter.com/PancakePoll"
        },
        {
            "name": "telegram",
            "url": "https://t.me/pancakepollbsc"
        }
    ]
}