{
    "name": "Baby Floki",
    "website": "https://www.babyfloki.info/",
    "description": "BABY FLOKI has been designed to be a deflationary token which rewards you $DOGE simply for holding! Named after Elon 'Dogefather' Musk's new Shiba Inu pup, this token is a sure way for you to reach your x1000!",
    "explorer": "https://bscscan.com/token/0x71E80e96Af604Afc23Ca2AED4C1C7466DB6dd0c4",
    "type": "BEP20",
    "symbol": "BabyFloki",
    "decimals": 9,
    "status": "active",
    "id": "0x71E80e96Af604Afc23Ca2AED4C1C7466DB6dd0c4",
    "links": [
        {
            "name": "telegram",
            "url": "https://t.me/thebabyfloki"
        },
        {
            "name": "twitter",
            "url": "https://twitter.com/thebabyfloki"
        },
        {
            "name": "reddit",
            "url": "https://reddit.com/r/TheBabyFloki/"
        },
        {
            "name": "whitepaper",
            "url": "https://88b10f67-99c2-4cbf-b973-13cb422aaa60.filesusr.com/ugd/c4baae_cf7bc8952b7f4c44a493683c9ddf338b.pdf"
        }
    ]
}