{
    "name": "miniBABYDOGE",
    "type": "BEP20",
    "symbol": "miniBABYDOGE",
    "decimals": 18,
    "website": "https://www.minibabydogeofficial.com/",
    "description": "miniBabydoge is a BEP20 project that is focused on the entire cryptocurrency community. We plan to build a strong community through honest, friendly and constant social media engagement on our channels, thereby facilitating mainstream adoption of decentralised blockchain technology.",
    "explorer": "https://bscscan.com/token/0xa3b89c5f75c530f33e612177001f5602e9c2830f",
    "status": "active",
    "id": "0xA3b89C5F75C530f33E612177001F5602E9C2830F",
    "links": [
        {
            "name": "telegram",
            "url": "https://t.me/miniBABYDOGEofficialgroup"
        },
        {
            "name": "twitter",
            "url": "https://twitter.com/MBabydoge"
        },
        {
            "name": "coinmarketcap",
            "url": "https://coinmarketcap.com/currencies/mini-baby-doge/"
        },
        {
            "name": "coingecko",
            "url": "https://coingecko.com/en/coins/mini-baby-doge"
        },
        {
            "name": "source_code",
            "url": "https://bscscan.com/address/0xa3b89c5f75c530f33e612177001f5602e9c2830f#code"
        }
    ]
}