{
    "name": "Gyro",
    "type": "BEP20",
    "symbol": "GYRO",
    "decimals": 9,
    "website": "https://gyro.money/",
    "description": "A decentralized reserve currency protocol with the aim of mitigating volatility of traditional cryptocurrencies while not being pegged to any fiat currencies.",
    "explorer": "https://bscscan.com/token/0x1B239ABe619e74232c827FBE5E49a4C072bD869D",
    "status": "active",
    "id": "0x1B239ABe619e74232c827FBE5E49a4C072bD869D",
    "links": [
        {
            "name": "coinmarketcap",
            "url": "https://coinmarketcap.com/currencies/gyro/"
        },
        {
            "name": "coingecko",
            "url": "https://coingecko.com/en/coins/gyro"
        }
    ]
}