{
    "name": "Wojak",
    "type": "BEP20",
    "symbol": "WOJ",
    "decimals": 9,
    "website": "https://woj.finance",
    "description": "The $WOJ token is a charity token, based on the BEP20 standard. Using $WOJ tokens the holders can enjoy multiple benefits within our wojak finance ecosystem, as it may be used as the governance token in the future.",
    "explorer": "https://bscscan.com/token/0x55F96C7005D7C684A65Ee653B07b5FE1507C56ab",
    "status": "active",
    "id": "0x55F96C7005D7C684A65Ee653B07b5FE1507C56ab",
    "links": [
        {
            "name": "twitter",
            "url": "https://twitter.com/wojfinance"
        },
        {
            "name": "coinmarketcap",
            "url": "https://coinmarketcap.com/currencies/wojak-finance/"
        },
        {
            "name": "medium",
            "url": "https://medium.com/@WojToken"
        },
        {
            "name": "telegram",
            "url": "https://t.me/wojtoken"
        },
        {
            "name": "discord",
            "url": "https://discord.com/invite/BZUQqnEH"
        },
        {
            "name": "whitepaper",
            "url": "https://docs.woj.finance/"
        },
        {
            "name": "github",
            "url": "https://github.com/wojak-finance"
        },
        {
            "name": "facebook",
            "url": "https://facebook.com/profile.php?id=100070044607209"
        },
        {
            "name": "youtube",
            "url": "https://youtube.com/c/wojtoken"
        }
    ]
}