{
    "name": "Griffin Art",
    "website": "https://griffinart.finance/",
    "description": "A Game Platform integrated with a next-generation NFT marketplace.",
    "explorer": "https://bscscan.com/token/0xd1ECFDD45c49057479c4Ca95E045855370bC4F5B",
    "type": "BEP20",
    "symbol": "GART",
    "decimals": 9,
    "status": "active",
    "id": "0xd1ECFDD45c49057479c4Ca95E045855370bC4F5B",
    "links": [
        {
            "name": "twitter",
            "url": "https://twitter.com/griffinnftart"
        },
        {
            "name": "whitepaper",
            "url": "https://griffinart.finance/griffinart-whitepaper.pdf"
        },
        {
            "name": "telegram",
            "url": "https://t.me/griffinart"
        },
        {
            "name": "reddit",
            "url": "https://reddit.com/user/GriffinNftArt/"
        }
    ]
}