{
    "name": "Radio Caca Token",
    "website": "https://www.radiocaca.com/",
    "description": "Radio Caca is the payment token for NFTs. Radio Caca (as “RACA”), is expected to gain rapid worldwide adoption in the music, digital art and fashion area across the world. A deflation token with limited supply. A community-driven token for NFT payment sector. A DEFI token. With No Private Sale. Locked liquidity for 3 years.",
    "explorer": "https://bscscan.com/token/0x043b49749e0016E965600d502E2177cA2d95B3d9",
    "type": "BEP20",
    "symbol": "RACA",
    "decimals": 9,
    "status": "active",
    "id": "0x043b49749e0016E965600d502E2177cA2d95B3d9"
}