{
    "name": "Fat Cat Killer",
    "website": "https://fatcatkiller.com/",
    "description": "Fat Cat Killer is a secure, medium for crypto payment processing. Integration with commonly used Point-of-Sale systems uniquely position it in hospitality venues. Low transaction rates offer unbeatable savings for both buyers and merchants with luxury brands.",
    "explorer": "https://bscscan.com/token/0xe0b1ef69bc4ab4173989c1190f0d77a813f3b726",
    "type": "BEP20",
    "symbol": "KILLER",
    "decimals": 9,
    "status": "active",
    "id": "0xE0b1EF69BC4AB4173989C1190f0d77A813f3B726",
    "links": [
        {
            "name": "twitter",
            "url": "https://twitter.com/Fat_Cat_Killer"
        },
        {
            "name": "facebook",
            "url": "https://facebook.com/FatCatKiller/"
        },
        {
            "name": "coinmarketcap",
            "url": "https://coinmarketcap.com/currencies/fat-cat-killer/"
        },
        {
            "name": "telegram",
            "url": "https://t.me/FatCatKillerPortal"
        },
        {
            "name": "whitepaper",
            "url": "https://fatcatkiller.com/wp-content/uploads/2022/04/FINAL-WHITE-PAPER-ENG-2022-04-22.pdf"
        }
    ],
    "tags": [
        "defi",
        "deflationary"
    ]
}