{
    "name": "Compound USD Coin",
    "symbol": "cUSDC",
    "type": "ERC20",
    "decimals": 8,
    "description": "Compound is an open-source, autonomous protocol built for developers, to unlock a universe of new financial applications. Interest and borrowing, for the open financial system.",
    "website": "https://compound.finance/",
    "explorer": "https://etherscan.io/token/0x39AA39c021dfbaE8faC545936693aC917d5E7563",
    "status": "active",
    "id": "0x39AA39c021dfbaE8faC545936693aC917d5E7563"
}