{
    "name": "CUE Protocol",
    "website": "https://cuep.io/",
    "description": "CUE Protocol is a deflationary asset with actual use cases through dapps.",
    "explorer": "https://bscscan.com/token/0x9b9D617D3445f0147Ece2322BaCe8db2768D2770",
    "type": "BEP20",
    "symbol": "CUE",
    "decimals": 18,
    "status": "active",
    "id": "0x9b9D617D3445f0147Ece2322BaCe8db2768D2770",
    "links": [
        {
            "name": "twitter",
            "url": "https://twitter.com/cueprotocol"
        },
        {
            "name": "telegram",
            "url": "https://t.me/cueprotolchat"
        }
    ]
}