{
    "name": "XMINE Token",
    "website": "https://www.xmine.one",
    "description": "XMINE is DeFi, miner with ASIC and rewards to holders.",
    "explorer": "https://bscscan.com/token/0x0fA9651a0ecC19906843C13c60443300B9d37355",
    "type": "BEP20",
    "symbol": "XMINE",
    "decimals": 9,
    "status": "active",
    "id": "0x0fA9651a0ecC19906843C13c60443300B9d37355",
    "links": [
        {
            "name": "reddit",
            "url": "https://reddit.com/r/XMINE"
        },
        {
            "name": "twitter",
            "url": "https://twitter.com/xmineofficial"
        },
        {
            "name": "facebook",
            "url": "https://facebook.com/xmineofficial"
        },
        {
            "name": "discord",
            "url": "https://discord.com/ufUdcdDM"
        },
        {
            "name": "telegram",
            "url": "https://t.me/xmineofficial"
        },
        {
            "name": "whitepaper",
            "url": "https://drive.google.com/file/d/12-weGeyl_ljp25LWNFU3-6LgbNV_NCKb/view"
        },
        {
            "name": "coinmarketcap",
            "url": "https://coinmarketcap.com/currencies/xmine/"
        },
        {
            "name": "coingecko",
            "url": "https://coingecko.com/pt/moedas/xmine"
        }
    ]
}