{
    "name": "NAFTY",
    "type": "BEP20",
    "symbol": "NAFTY",
    "decimals": 9,
    "website": "https://naftytoken.com",
    "description": "NAFTY, as a socialized re-distribution DeFi protocol, helps content creators to earn much more, and content consumers to pay much less via disintermediation, as well as receive rewards from all transactions across the Nafty Network",
    "explorer": "https://bscscan.com/token/0x18C5fAC26C5d8b859b3A83f0f167D8924098d28a",
    "status": "active",
    "id": "0x18C5fAC26C5d8b859b3A83f0f167D8924098d28a",
    "links": [
        {
            "name": "twitter",
            "url": "https://twitter.com/naftyofficial"
        },
        {
            "name": "telegram",
            "url": "https://t.me/naftydiscussions"
        },
        {
            "name": "whitepaper",
            "url": "https://naftytoken.com/docs/whitepaper/"
        },
        {
            "name": "discord",
            "url": "https://discord.com/invite/CvtBYZGCKm"
        }
    ]
}