{
    "name": "SOMDEJ",
    "website": "https://www.somdejcoin.com/",
    "description": "Somdejcoin (SDC) is a DeFi Token created from the blockchain as a digital coin to collect. So that Thai people and people around the world have access to the world's first digital coin Somdej. Based on the history of Thais and Asians with long-standing culture",
    "explorer": "https://bscscan.com/token/0xAE4cA3272792d8499575AEFacdc299F0cBdc9270",
    "type": "BEP20",
    "symbol": "SDC",
    "decimals": 18,
    "status": "active",
    "id": "0xAE4cA3272792d8499575AEFacdc299F0cBdc9270",
    "links": [
        {
            "name": "telegram",
            "url": "https://t.me/joinchat/NWpAwc8hKOFkZWI1"
        },
        {
            "name": "twitter",
            "url": "https://twitter.com/somdejcoin"
        }
    ],
    "tags": [
        "defi",
        "nft"
    ]
}
