{
    "name": "Chain",
    "website": "https://chain.com",
    "description": "Chain is a cloud blockchain infrastructure that enables organizations to build better financial services from the ground up. Chain has launched Chain Core which is a permissioned and open source blockchain and Sequence, its ledger as a service product. Clients can receive discounts and pay for commercial fees with Chain Tokens (XCN) as well as participate in community protocol governance and access to premium features.",
    "explorer": "https://bscscan.com/token/0x7324c7C0d95CEBC73eEa7E85CbAac0dBdf88a05b",
    "type": "BEP20",
    "symbol": "XCN",
    "decimals": 18,
    "status": "active",
    "id": "0x7324c7C0d95CEBC73eEa7E85CbAac0dBdf88a05b",
    "links": [
        {
            "name": "github",
            "url": "https://github.com/chain"
        },
        {
            "name": "twitter",
            "url": "https://twitter.com/chain"
        },
        {
            "name": "blog",
            "url": "https://blog.chain.com/"
        },
        {
            "name": "coinmarketcap",
            "url": "https://coinmarketcap.com/currencies/chain/"
        },
        {
            "name": "telegram",
            "url": "https://t.me/Chain"
        }
    ],
    "tags": [
        "defi"
    ]
}
