{
    "name": "Krill",
    "website": "https://polywhale.finance/",
    "description": "PolyWhale is a popular yield farm on Polygon that allows users to earn KRILL through yield farming, then stakes it in Nests to earn more tokens.",
    "explorer": "https://polygonscan.com/token/0x05089c9ebffa4f0aca269e32056b1b36b37ed71b",
    "type": "POLYGON",
    "symbol": "Krill",
    "decimals": 18,
    "status": "active",
    "id": "0x05089C9EBFFa4F0AcA269e32056b1b36B37ED71b",
    "links": [
        {
            "name": "github",
            "url": "https://github.com/polywhalefarm/contracts"
        },
        {
            "name": "twitter",
            "url": "https://twitter.com/polywhalefi"
        },
        {
            "name": "telegram",
            "url": "https://t.me/polywhale"
        },
        {
            "name": "medium",
            "url": "https://medium.com/polywhale"
        },
        {
            "name": "coingecko",
            "url": "https://coingecko.com/en/coins/polywhale"
        }
    ]
}