{
    "name": "DefiSportsCoin",
    "type": "BEP20",
    "symbol": "DSC",
    "decimals": 18,
    "website": "https://defisportscoin.com/",
    "description": "DefiSports is a registered Tech Company developing an ecosystem that incentivizes stakeholders through the hybrid platform with gaming and NFT and has signed professional athletes on board as ambassadors.",
    "explorer": "https://bscscan.com/token/0x662cBBEb9872251a795F85648333Be0dbFcAd653",
    "status": "active",
    "id": "0x662cBBEb9872251a795F85648333Be0dbFcAd653",
    "links": [
        {
            "name": "twitter",
            "url": "https://twitter.com/DefiSportsCoin"
        },
        {
            "name": "github",
            "url": "https://github.com/DefiSportsCoin"
        },
        {
            "name": "discord",
            "url": "https://discord.com/invite/ZH5he22eme"
        },
        {
            "name": "reddit",
            "url": "https://reddit.com/r/DefiSports/"
        }
    ]
}